Instance,INF_avg,INF_sd,INF_r1,INF_kr,INF_sk,SUP_avg,SUP_sd,SUP_r1,SUP_kr,SUP_sk,INC_avg,INC_sd,INC_r1,INC_kr,INC_sk,IND_avg,IND_sd,IND_r1,IND_kr,IND_sk,NSGAII,MOEAD
1,0.2705,0.1065586693,0.1088755851,3.0587898022,0.6048345256,0.2345,0.0968749194,0.0179148797,2.8277652782,0.1609913096,0.495,0.1068877916,-0.0545968758,3.0850279388,-0.183017751,0.495,0.1068877916,-0.0545968758,3.0850279388,-0.183017751,0.71176977605,0.7119888226
2,0.226,0.0855803716,-0.0388981517,2.7344221328,0.2172208565,0.259,0.0798060148,-0.0203689808,2.443783245,-0.0741553193,0.515,0.1042832681,-0.031736899,3.1237574316,-0.1898013345,0.515,0.1042832681,-0.031736899,3.1237574316,-0.1898013345,0.78983422385,0.7898593295
3,0.231,0.1006926015,0.1224202018,2.4542189048,0.2691507508,0.2635,0.0974307446,0.0127668263,2.9793930427,0.2912070645,0.5055,0.1086036371,0.1507232535,2.7805079044,0.1280064781,0.5055,0.1086036371,0.1507232535,2.7805079044,0.1280064781,0.800794240515,0.8017430957000002
4,0.2295,0.0974923074,0.0862288106,2.9862214233,0.2448709832,0.274,0.0988635423,0.0711735174,3.1986373942,0.1422426789,0.4965,0.1008104657,0.0672881295,3.2505574836,0.0370925536,0.4965,0.1008104657,0.0672881295,3.2505574836,0.0370925536,0.77398164805,0.7742030026499999
5,0.216,0.0882836338,0.0163771764,3.0654175662,0.3150668056,0.255,0.1025914226,0.1173825324,2.6739242049,0.2472738009,0.529,0.1100409015,-0.0716430219,3.5846447034,-0.2817081785,0.529,0.1100409015,-0.0716430219,3.5846447034,-0.2817081785,0.7053284405900001,0.7065731888499999
6,0.294,0.1066020638,0.0752082959,2.5035408877,0.1380753099,0.244,0.0825469563,-0.0795206586,3.0439133713,-0.3015814248,0.462,0.1022545842,0.0509293923,3.3157691004,0.130339878,0.462,0.1022545842,0.0509293923,3.3157691004,0.130339878,0.8400510180000001,0.84050517255
7,0.245,0.1045227248,0.0535083874,3.1415831889,0.5464525051,0.2645,0.1061355266,0.1264778568,2.3615119546,0.0507571502,0.4905,0.0984111274,0.0170837976,2.6992418991,0.1239369852,0.4905,0.0984111274,0.0170837976,2.6992418991,0.1239369852,0.81681554876,0.8170895733500002
8,0.228,0.080411442,0.0814073862,4.5967211584,0.5479551289,0.226,0.1025865488,0.0575474174,2.7277994545,0.0199625639,0.546,0.110154437,-0.0900829203,3.067774882,0.32595201,0.546,0.110154437,-0.0900829203,3.067774882,0.32595201,0.7818474831500001,0.7820877881
9,0.272,0.1091604324,-0.0131453308,2.8812155042,0.2713007497,0.318,0.1134724636,0.2139991734,3.4405641944,0.3773696373,0.41,0.1161895004,0.0040106952,2.8997530864,0.2017776509,0.41,0.1161895004,0.0040106952,2.8997530864,0.2017776509,0.76403364875,0.7645986961000002
10,0.2415,0.0982484097,0.0373525148,2.8096430429,0.2377868167,0.241,0.1127785441,0.1050362182,3.5635814133,0.642514313,0.5175,0.1177656571,-0.0547916169,2.7342680009,0.0323164533,0.5175,0.1177656571,-0.0547916169,2.7342680009,0.0323164533,0.68008450385,0.6811542617499999
11,0.237,0.0907248588,-0.003355419,2.7714197482,0.0679016691,0.255,0.0973396117,0.1973825892,2.6167807242,0.2659133786,0.508,0.110390217,-0.0432711695,2.6571746981,0.0256642955,0.508,0.110390217,-0.0432711695,2.6571746981,0.0256642955,0.7663275058,0.76652139405
12,0.295,0.1221679172,0.1662054043,2.3786857234,0.2599601818,0.2275,0.0944391338,0.3991216631,2.4685623001,0.1272217957,0.4775,0.1261695288,0.1335499,2.7785269443,0.0906944337,0.4775,0.1261695288,0.1335499,2.7785269443,0.0906944337,0.7606499918499998,0.7607151004999999
13,0.2655,0.1026389302,-0.1097806878,2.3872473993,-0.1640097781,0.253,0.0950841732,0.0267294359,2.3208245332,-0.1034088042,0.4815,0.1045597915,-0.0652172963,2.4794541006,0.3515353764,0.4815,0.1045597915,-0.0652172963,2.4794541006,0.3515353764,0.7375424576149999,0.7395493140499999
14,0.265,0.116511802,0.2180470777,2.1734684533,0.2091173638,0.2795,0.1208501138,0.3233472923,4.1886594377,0.6037200474,0.4555,0.1108816937,0.2544354814,2.7379057927,-0.2928854057,0.4555,0.1108816937,0.2544354814,2.7379057927,-0.2928854057,0.6372191278150001,0.63777533035
15,0.26,0.1,-0.0251402244,2.7223,0.1815,0.2745,0.1089713265,0.162744963,3.3448965136,0.1845041813,0.4655,0.1303255539,0.1833092583,2.4155660434,-0.1444580833,0.4655,0.1303255539,0.1833092583,2.4155660434,-0.1444580833,0.6346159763999999,0.6365972518499999
16,0.2605,0.116252957,0.0473817991,3.2206756518,0.456281727,0.2775,0.1186117616,-0.072722343,2.267232432,0.1601714935,0.462,0.1187686827,0.0934778688,2.5561199361,0.2151525213,0.462,0.1187686827,0.0934778688,2.5561199361,0.2151525213,0.800114596455,0.80277666225
17,0.2545,0.1168535408,0.0865148445,2.6160071519,0.3662055618,0.233,0.0998048095,-0.0318223036,2.4877459498,0.1563376832,0.5125,0.1235667836,-0.0743818611,2.6669673132,0.5110581823,0.5125,0.1235667836,-0.0743818611,2.6669673132,0.5110581823,0.77366263085,0.77518693965
18,0.2095,0.1009195224,0.1137222894,2.8589796327,0.3163208443,0.263,0.1021322672,0.0922320637,3.0545507328,0.4069060739,0.5275,0.1158393284,-0.024974399,3.6384702043,-0.2422729991,0.5275,0.1158393284,-0.024974399,3.6384702043,-0.2422729991,0.7283013139050001,0.7290264868499998
19,0.2445,0.0989684293,-0.0553469023,2.6517418102,0.0289153991,0.2605,0.0946823637,-0.009247564,2.9733897343,0.4567637262,0.495,0.100871205,-0.0489201209,3.0781049086,0.1074179776,0.495,0.100871205,-0.0489201209,3.0781049086,0.1074179776,0.82442057335,0.8270755761499998
20,0.283,0.1010494928,0.0114232703,3.179762721,0.4464689773,0.2425,0.1049702339,-0.014912843,2.9943561627,0.4059979247,0.4745,0.1073533884,-0.0884212889,2.5832528411,0.0440299281,0.4745,0.1073533884,-0.0884212889,2.5832528411,0.0440299281,0.7875467973999999,0.7891424392500002
21,0.271,0.1072800075,0.3087311173,2.4164903423,-0.0419766779,0.2785,0.1063614122,0.1530017243,2.3183376259,-0.1343366587,0.4505,0.1112418536,0.0343237306,2.6075686741,-0.050713897,0.4505,0.1112418536,0.0343237306,2.6075686741,-0.050713897,0.8173009849000001,0.8184101963000001
22,0.2535,0.0957222545,0.0481442141,3.1169773581,0.4133016684,0.2825,0.1063896142,0.0586130848,2.8748167908,-0.0428968274,0.464,0.1146908889,0.0476328819,5.6929570289,0.8383608324,0.464,0.1146908889,0.0476328819,5.6929570289,0.8383608324,0.7410255091999999,0.7421007761000001
23,0.2625,0.093374247,-0.0202836116,3.0683701391,-0.1721595551,0.2335,0.0900152765,0.0914284795,2.9448557646,0.1498938233,0.504,0.1050428484,-0.0919552836,3.5255688508,0.0043380624,0.504,0.1050428484,-0.0919552836,3.5255688508,0.0043380624,0.68077319268,0.685975915
24,0.2505,0.092599946,0.0497058711,3.0321496991,0.1459504138,0.2565,0.1018957801,0.1322845057,2.5275843887,0.1072932063,0.493,0.1238991525,-0.0140117389,2.5211216927,-0.1431595434,0.493,0.1238991525,-0.0140117389,2.5211216927,-0.1431595434,0.79543050495,0.7960268671
25,0.2525,0.0949670996,-0.0618386956,2.4541258034,0.0421417419,0.27,0.1093160555,0.0547012856,3.8513681483,0.8210043212,0.4775,0.1077903057,-0.0217469688,2.9314773859,-0.2420125403,0.4775,0.1077903057,-0.0217469688,2.9314773859,-0.2420125403,0.7603252029099998,0.76054996035
26,0.27,0.0961769203,-0.1547657863,3.8679912345,0.6120477208,0.258,0.1040961094,0.045532405,3.0917792993,0.2853973004,0.472,0.1068456831,-0.0146928797,2.7615935342,-0.2985069932,0.472,0.1068456831,-0.0146928797,2.7615935342,-0.2985069932,0.656840086,0.6591111595499999
27,0.249,0.1002447006,0.0271311991,2.4251284835,0.2061310821,0.252,0.0940531764,0.0896885801,2.9425214394,0.2486987897,0.499,0.1058253278,0.1936101592,2.352119596,0.1717926743,0.499,0.1058253278,0.1936101592,2.352119596,0.1717926743,0.792523152755,0.7958514277000001
28,0.315,0.1098863049,0.0452366499,2.8102696655,0.243617131,0.2805,0.1079108428,0.1635369366,2.8625788161,0.1690145083,0.4045,0.1138189352,0.0311037593,2.9974889975,0.2094069983,0.4045,0.1138189352,0.0311037593,2.9974889975,0.2094069983,0.73107193995,0.7315996556
29,0.277,0.1040240357,0.0025284086,3.3409930485,0.296555548,0.265,0.0926012959,-0.2188333187,3.1412506694,0.6904423901,0.458,0.1050523679,-0.1179248244,3.648559704,0.1182758113,0.458,0.1050523679,-0.1179248244,3.648559704,0.1182758113,0.77496423345,0.7771630734499999
30,0.2205,0.0940996812,-0.0521469628,2.8990172942,0.2617140189,0.2635,0.111322729,0.0432447387,3.1802338462,0.1970747206,0.516,0.1256741819,-0.0643741166,2.7789937076,-0.1371395387,0.516,0.1256741819,-0.0643741166,2.7789937076,-0.1371395387,0.7190114889000001,0.71983405305
31,0.258,0.1033731106,0.0940974582,3.1656784767,0.2200018891,0.215,0.0963068014,0.2132786395,2.8069906496,0.1670873081,0.527,0.1154166366,-0.0495196305,2.3525366756,0.2024865586,0.527,0.1154166366,-0.0495196305,2.3525366756,0.2024865586,0.7474431864999997,0.7476168622
32,0.2785,0.1162443547,0.0366878002,2.718750428,0.436254826,0.259,0.0947048045,0.017196241,3.1099503784,0.1908483509,0.4625,0.1100851943,-0.0342067897,2.7401833806,0.2041412048,0.4625,0.1100851943,-0.0342067897,2.7401833806,0.2041412048,0.6393986142699999,0.6428488468
33,0.2385,0.1097394642,0.2322118439,3.0417844611,0.498080521,0.309,0.1098590005,0.1869585337,2.8215575298,-0.0992481812,0.4525,0.1279404158,0.1481104195,3.7397514069,0.5997297048,0.4525,0.1279404158,0.1481104195,3.7397514069,0.5997297048,0.766368041985,0.7674767492499999
34,0.2165,0.0717826581,0.0274809212,2.5290874459,0.0992130944,0.2905,0.104569355,0.0538162831,2.5096070949,0.2459663913,0.493,0.1053612832,-0.1308187251,2.4889265509,-0.0654368834,0.493,0.1053612832,-0.1308187251,2.4889265509,-0.0654368834,0.76450556945,0.76534509645
35,0.273,0.111,0.2447245655,2.7564029589,0.1573406862,0.2755,0.1167251044,0.2776052866,2.3851012442,0.1146761455,0.4515,0.1107824445,0.0102028811,2.3133699985,0.1938204129,0.4515,0.1107824445,0.0102028811,2.3133699985,0.1938204129,0.7563227377499999,0.7574199465999999
36,0.2285,0.109145545,0.0223925951,2.3094756831,0.2688466447,0.2785,0.1116366875,0.0473688763,4.3446166924,0.8589345509,0.493,0.1352811886,0.0006026764,2.7303674724,0.2088892325,0.493,0.1352811886,0.0006026764,2.7303674724,0.2088892325,0.7276138883000002,0.7286659674000001
37,0.272,0.0954777461,0.2533538888,2.6333549679,0.2213941927,0.2545,0.0982585874,0.0647412528,2.5560943348,0.0878286908,0.4735,0.098604006,-0.0228595231,2.6995792942,0.2715319495,0.4735,0.098604006,-0.0228595231,2.6995792942,0.2715319495,0.72919403098,0.73100726895
38,0.245,0.0928708781,0.1851937737,3.3535223693,0.3988707657,0.3045,0.1081884929,0.2798960118,2.0652258081,0.1623956581,0.4505,0.1194769852,0.3756766618,2.8604835776,-0.3548289634,0.4505,0.1194769852,0.3756766618,2.8604835776,-0.3548289634,0.7765490827000001,0.7782359220500001
39,0.293,0.0979846927,0.1535032396,2.4845615336,0.084468682,0.2545,0.1039458994,0.0119900903,2.2089961802,0.2406664359,0.4525,0.1156233108,0.2151018381,3.108581234,-0.2355062646,0.4525,0.1156233108,0.2151018381,3.108581234,-0.2355062646,0.70680990205,0.7078194889
40,0.2215,0.1000637297,0.1049366967,2.7122432438,0.3573056851,0.2295,0.0972355388,-0.0120842205,2.7237803362,0.2761033809,0.549,0.1126898398,0.110362355,2.9512750725,-0.3472293761,0.549,0.1126898398,0.110362355,2.9512750725,-0.3472293761,0.8218606848000001,0.8241837815499998
41,0.244,0.1035084538,0.1305519984,2.750968492,0.2620114805,0.2465,0.1017975933,0.0735940282,2.4960948885,0.1944271161,0.5095,0.09661651,0.1713397096,2.5382763587,-0.1365439444,0.5095,0.09661651,0.1713397096,2.5382763587,-0.1365439444,0.7497979333050001,0.7506875140999999
42,0.222,0.1044796631,0.1293318034,2.5742301282,0.4067479168,0.2555,0.1007211497,-0.0631552568,3.6375703474,0.4440196691,0.5225,0.1179777521,0.1949123379,2.3995675799,-0.0378516184,0.5225,0.1179777521,0.1949123379,2.3995675799,-0.0378516184,0.8757642023500001,0.8762528021000001
43,0.258,0.1028882889,-0.1501692512,2.9707498067,0.3699348977,0.295,0.095,0.1362891807,2.1624220195,0.1522087768,0.447,0.1184947256,-0.0300030642,2.8722007265,-0.4063651413,0.447,0.1184947256,-0.0300030642,2.8722007265,-0.4063651413,0.636202389055,0.63861530075
44,0.293,0.1161938036,0.0746923123,2.4660351802,0.0933007992,0.2205,0.0848807988,0.0942408136,2.5915179208,0.0687484232,0.4865,0.1228525539,0.2141611477,3.1781907158,0.0255998211,0.4865,0.1228525539,0.2141611477,3.1781907158,0.0255998211,0.69254160251,0.6944848751499999
45,0.2505,0.1101124425,0.0482842116,2.8732701462,0.3356059494,0.2145,0.092004076,0.245666135,2.7031473988,0.2054269333,0.535,0.1130265456,-0.1692861756,2.6945247606,-0.1033648733,0.535,0.1130265456,-0.1692861756,2.6945247606,-0.1033648733,0.82206636465,0.8222260777500001
46,0.2455,0.0992710935,-0.0154770963,3.2352368989,0.3239117892,0.2615,0.1048463161,0.1450271285,2.9047799755,0.0199377581,0.493,0.1179025021,-0.0227290002,2.878728148,0.3049270161,0.493,0.1179025021,-0.0227290002,2.878728148,0.3049270161,0.85322618785,0.8532817499
47,0.264,0.1024890238,0.0597351496,3.2391456865,0.3934699578,0.283,0.0980357078,0.1683949455,2.9751229497,-0.0848272158,0.453,0.1163658025,0.2192651324,2.5616265041,0.0368748213,0.453,0.1163658025,0.2192651324,2.5616265041,0.0368748213,0.71962372875,0.7200559511499999
48,0.261,0.1083005078,0.0092336237,3.0862535598,0.3358470887,0.227,0.0988483687,0.1772303745,3.3847744293,0.34825998,0.512,0.1131635984,0.1288881067,2.7476773062,-0.1123012887,0.512,0.1131635984,0.1288881067,2.7476773062,-0.1123012887,0.8177354966099999,0.8178033840499997
49,0.2595,0.0955758861,-0.0715054019,2.6674394294,-0.0142575814,0.2475,0.0978199877,-0.0192651596,3.3667066133,0.3664805021,0.493,0.1118078709,-0.0359577329,2.6949127775,-0.103480679,0.493,0.1118078709,-0.0359577329,2.6949127775,-0.103480679,0.7407271528,0.7416025691500001
50,0.26,0.09,-0.0601187531,2.886602652,0.1111111111,0.241,0.1042544963,0.0361780572,2.6304363102,0.3655251999,0.499,0.1216511406,-0.0236555152,2.6352118181,-0.0725439622,0.499,0.1216511406,-0.0236555152,2.6352118181,-0.0725439622,0.725652133275,0.7268988761499999
51,0.2745,0.1177911287,0.1032823536,2.8498496315,0.5930590639,0.265,0.1087428159,0.117440599,3.2560150897,0.6100862314,0.4605,0.1261536761,0.2978564975,2.6945121836,-0.1475427742,0.4605,0.1261536761,0.2978564975,2.6945121836,-0.1475427742,0.741080836505,0.74112207175
52,0.298,0.1656683434,0.3923064997,2.5202134705,0.1984159278,0.3005,0.1295173734,0.2477304203,2.5917742743,0.0821991981,0.4015,0.1209245633,0.3321677004,2.193699626,0.0751840949,0.4015,0.1209245633,0.3321677004,2.193699626,0.0751840949,0.7012596951500001,0.7012597026500001
53,0.3465,0.1360615669,0.287634886,2.471146741,-0.0364540895,0.262,0.1124988889,0.4442332647,2.7740835586,0.2371536276,0.3915,0.1382126984,0.2656963892,2.7443967618,0.1539571577,0.3915,0.1382126984,0.2656963892,2.7443967618,0.1539571577,0.8849452218,0.8852070294000001
54,0.236,0.0990151504,0.2107069321,2.6133883854,0.4141274927,0.3395,0.1247587672,0.2491549778,3.4598883687,0.2859131183,0.4245,0.1182148468,0.1737887183,3.1466768195,0.3688809271,0.4245,0.1182148468,0.1737887183,3.1466768195,0.3688809271,0.6833471601000001,0.6839509701
55,0.3,0.115758369,0.1519230769,3.1855647137,0.0676911826,0.206,0.1077682699,0.321946547,3.4997777811,0.4260332269,0.494,0.1091512712,-0.0605305703,2.449513833,-0.0194797368,0.494,0.1091512712,-0.0605305703,2.449513833,-0.0194797368,0.7861569841,0.7887509132
56,0.304,0.1117318218,0.0474376687,4.3950472048,0.6309794245,0.2325,0.1040132203,0.2173958839,2.9903863386,0.0973912993,0.4635,0.1397953862,0.2026872843,2.8197848853,0.067646112,0.4635,0.1397953862,0.2026872843,2.8197848853,0.067646112,0.903168978215,0.90328365935
57,0.266,0.1014593515,0.3463695217,2.7196648569,0.5019922185,0.259,0.0952312974,0.0665927111,2.799529297,0.2800987225,0.475,0.1180042372,0.124831005,2.5502902507,0.0136927195,0.475,0.1180042372,0.124831005,2.5502902507,0.0136927195,0.73439120165,0.74002674115
58,0.2995,0.1125821922,0.1323255041,2.7259318666,0.1753824941,0.2935,0.1073906421,-0.0490307071,6.8890911939,1.3979814865,0.407,0.1257020286,0.0747145158,2.9173830507,-0.1017834019,0.407,0.1257020286,0.0747145158,2.9173830507,-0.1017834019,0.7731005275499999,0.77347195395
59,0.2755,0.094470895,-0.2073967644,2.5565023882,0.0734469354,0.2405,0.0780048075,0.012220474,2.6181355159,0.1275130236,0.484,0.1002197585,-0.0764880803,3.1438154795,0.1303467657,0.484,0.1002197585,-0.0764880803,3.1438154795,0.1303467657,0.7859598081299999,0.7892583018500001
60,0.2695,0.0976972364,0.1771248386,2.2916570276,-0.0155847904,0.243,0.1012472222,0.0810172675,2.8465212656,0.2197872979,0.4875,0.11188722,0.0259952279,2.5838239645,-0.0284458396,0.4875,0.11188722,0.0259952279,2.5838239645,-0.0284458396,0.7328559269999999,0.7337857495
61,0.2695,0.0894133659,0.1725862406,3.3283325079,-0.1243048233,0.271,0.0995439601,0.0178325694,3.4235007842,0.3537902335,0.4595,0.1119586977,-0.0304497482,2.6158484809,-0.0137865929,0.4595,0.1119586977,-0.0304497482,2.6158484809,-0.0137865929,0.80770171745,0.8091062905999999
62,0.2705,0.1000237472,0.0982583702,2.9934735978,0.0947752146,0.283,0.0900610904,0.0836351104,3.1167391702,0.1246759853,0.4465,0.1063614122,0.0498031485,2.8692122123,-0.0020139373,0.4465,0.1063614122,0.0498031485,2.8692122123,-0.0020139373,0.8114583684650001,0.8137792037999999
63,0.2035,0.0866761213,0.2758099498,2.7341207512,0.2953475575,0.3245,0.0915136602,0.2045085657,2.3479601764,0.2361675356,0.472,0.1035181144,0.3577833738,2.7054327821,0.0176651925,0.472,0.1035181144,0.3577833738,2.7054327821,0.0176651925,0.81713361871,0.8179565082499998
64,0.266,0.0924337601,-0.1484012064,2.9054846295,-0.0749701762,0.29,0.0964365076,0.0440542869,3.2247658689,0.1672502733,0.444,0.0914549069,-0.1423750456,2.6001947267,-0.1656781561,0.444,0.0914549069,-0.1423750456,2.6001947267,-0.1656781561,0.81894117205,0.8191627686
65,0.2645,0.0938869,-0.1587060677,3.9334380942,0.8546020768,0.2335,0.1070175219,-0.0155192756,3.1624587445,0.3897158472,0.502,0.1128981842,0.0979300414,3.1357831708,-0.2060347097,0.502,0.1128981842,0.0979300414,3.1357831708,-0.2060347097,0.79697386655,0.7943296248000001
66,0.2485,0.0947246008,0.1338358534,2.3243147872,0.4048882091,0.245,0.1042832681,0.0877633015,2.984240983,0.2784193792,0.5065,0.1182486786,0.1595480627,2.6239621185,0.2439225691,0.5065,0.1182486786,0.1595480627,2.6239621185,0.2439225691,0.8239477274,0.8222716882000001
67,0.234,0.1041345284,0.0022628708,3.0801581491,0.3760139081,0.2255,0.0904143241,-0.0191280854,3.1970422246,0.283177033,0.5405,0.115476188,-0.0102923164,3.570779807,0.2368079189,0.5405,0.115476188,-0.0102923164,3.570779807,0.2368079189,0.80193771975,0.7919369989
68,0.249,0.0974628134,-0.0054364173,2.7014772561,0.2873171433,0.2315,0.0945132266,0.000484639,2.5406014235,0.3000833183,0.5195,0.1086036371,-0.020686741,3.0465086956,0.0556946773,0.5195,0.1086036371,-0.020686741,3.0465086956,0.0556946773,0.8975402157750002,0.8924722752749998
69,0.234,0.0891291198,-0.1081113753,2.9441772163,-0.0206089548,0.2505,0.094470895,0.1586057965,2.8485885204,0.5371214672,0.5155,0.1141698296,0.0165927435,3.2783244226,-0.1670433375,0.5155,0.1141698296,0.0165927435,3.2783244226,-0.1670433375,0.8425816240600001,0.833634963705
70,0.254,0.0934558719,-0.152815262,2.9093630545,0.1226692641,0.278,0.1025475499,-0.1165275764,2.7536987236,-0.2181919271,0.468,0.117158013,-0.1978393353,2.7511932555,0.006507014,0.468,0.117158013,-0.1978393353,2.7511932555,0.006507014,0.929819989005,0.921642052905
71,0.2635,0.0929663918,0.1812485487,2.2611377147,-0.0419942353,0.2305,0.0999737466,-0.0024667712,2.9004125569,0.6863982176,0.506,0.1136397818,0.0888513534,2.2750802662,-0.0307779499,0.506,0.1136397818,0.0888513534,2.2750802662,-0.0307779499,0.8498062316,0.8361384991499999
72,0.234,0.096405394,0.1838943321,2.7888579969,0.0978892961,0.273,0.105456152,0.1517215395,3.4704417385,0.6889488819,0.493,0.1100045454,0.1040833126,3.1982275575,0.4766231071,0.493,0.1100045454,0.1040833126,3.1982275575,0.4766231071,0.80496330898,0.7986985565299999
73,0.273,0.0928493403,0.0209315662,2.940295371,0.2879415345,0.258,0.0910274684,0.0786157753,2.3643216278,0.1599249901,0.469,0.1041105182,0.1599321311,3.2191489166,0.0401593718,0.469,0.1041105182,0.1599321311,3.2191489166,0.0401593718,0.8563602181000001,0.8537294189999999
74,0.243,0.0900055554,-0.0400579717,4.0796799589,0.4772284941,0.252,0.0987218314,0.1319192363,2.6817944937,0.443297944,0.505,0.1192686044,0.0033428253,2.8465967179,-0.052163276,0.505,0.1192686044,0.0033428253,2.8465967179,-0.052163276,0.8310433070600001,0.816402180505
75,0.251,0.0910988474,-0.0123838141,2.7376286674,0.0497361654,0.2475,0.1061543687,0.0269312014,3.4106282467,0.2786103625,0.5015,0.1138979807,0.0270190258,2.7602588226,-0.1994022241,0.5015,0.1138979807,0.0270190258,2.7602588226,-0.1994022241,0.8598056474200002,0.8554991541200001
76,0.2535,0.0895139654,-0.0330809472,3.1947988904,0.3340149728,0.2465,0.0982992879,0.1664513587,2.2662902791,0.2160905394,0.5,0.1009950494,0.1102756892,2.919550173,0.2111344025,0.5,0.1009950494,0.1102756892,2.919550173,0.2111344025,0.8325861832499999,0.8313146205999999
77,0.23,0.0866025404,-0.1327338612,2.6272,-0.030022214,0.2605,0.0928156776,-0.0666638689,2.4078384241,0.1609934326,0.5095,0.1055213249,-0.1537116886,2.4729579793,0.0430248915,0.5095,0.1055213249,-0.1537116886,2.4729579793,0.0430248915,0.80323502021,0.79910605525
78,0.273,0.1114495402,-0.0416090243,4.4309260968,0.7464227401,0.234,0.1095171219,-0.0624223539,2.3511310433,0.1140483324,0.493,0.1187476316,0.1436479957,2.3095053903,-0.0215209634,0.493,0.1187476316,0.1436479957,2.3095053903,-0.0215209634,0.8244381514400001,0.8204870206499999
79,0.2745,0.1001236735,-0.0568465193,2.4455797725,0.3210321809,0.285,0.0944722181,0.1632773274,2.9542875974,0.2134814618,0.4405,0.115476188,0.0388745634,2.3399257524,0.0468538707,0.4405,0.115476188,0.0388745634,2.3399257524,0.0468538707,0.84043107076,0.8391832318000001
80,0.304,0.1119553482,0.2049478442,2.704493352,0.391611368,0.251,0.1144508628,0.0743942854,2.8317276699,0.2155841493,0.445,0.1098863049,0.1209863218,3.0699304296,0.0254356633,0.445,0.1098863049,0.1209863218,3.0699304296,0.0254356633,0.8048494943549999,0.8037710344499999
81,0.282,0.099629313,-0.0930334627,2.723316678,0.1838732121,0.2105,0.0938869,0.0649444646,3.0606561221,0.4288692977,0.5075,0.10709225,0.0244355663,2.7719837552,0.0429739765,0.5075,0.10709225,0.0244355663,2.7719837552,0.0429739765,0.9095637382,0.9001469278500002
82,0.2605,0.0962535714,-0.0554122591,2.9998056706,0.1550326682,0.274,0.1001199281,0.0017298399,2.7424033875,0.1190192736,0.4655,0.1108365914,-0.1500244558,2.7778974785,0.1074363027,0.4655,0.1108365914,-0.1500244558,2.7778974785,0.1074363027,0.92579785416,0.9196138043099996
83,0.278,0.0906421535,-0.0916849751,3.0778349225,0.3563828677,0.277,0.0998548947,-0.124524044,2.6709437813,0.0051885538,0.445,0.106653645,-0.0918291946,2.359971018,-0.1106591134,0.445,0.106653645,-0.0918291946,2.359971018,-0.1106591134,0.8528451131000001,0.8442081804500001
84,0.3025,0.1196609794,0.14109437,3.0899018249,-0.2034884646,0.237,0.0958175349,0.1488466998,2.7682774984,0.449307316,0.4605,0.1096118151,0.0454198276,3.0570234092,0.0733718989,0.4605,0.1096118151,0.0454198276,3.0570234092,0.0733718989,0.81378197371,0.8135271401999999
85,0.27,0.1046422477,-0.0668745987,3.2024770126,0.4385457306,0.2225,0.0970502447,0.0837390393,2.676650746,0.1002018952,0.5075,0.1123332097,-0.209167323,3.6352003662,0.1195101866,0.5075,0.1123332097,-0.209167323,3.6352003662,0.1195101866,0.8562916974049999,0.8499268131549998
86,0.2795,0.0959413884,-0.0546309511,2.9299204414,0.363437046,0.2245,0.0970811516,0.0351442771,2.9445139348,0.3675818588,0.496,0.1057544325,-0.1440215821,2.558360119,-0.1675981659,0.496,0.1057544325,-0.1440215821,2.558360119,-0.1675981659,0.7771899198000003,0.77645396995
87,0.2805,0.0966682471,0.056069381,2.8089394323,-0.1463094315,0.245,0.0939414711,0.0541897358,2.8633646045,0.3437738112,0.4745,0.103076428,0.0352244239,2.081235654,-0.198030422,0.4745,0.103076428,0.0352244239,2.081235654,-0.198030422,0.8400257183,0.8344997705999999
88,0.273,0.1008513758,0.1017704105,2.9247413908,0.1496783832,0.238,0.0946361453,-0.0156279061,3.132906028,0.2408604496,0.489,0.1145818485,0.1272666277,2.6459875902,0.1210413763,0.489,0.1145818485,0.1272666277,2.6459875902,0.1210413763,0.7106685934000001,0.7089957817999999
89,0.2405,0.1001735993,-0.0157056343,2.831221346,0.5228699241,0.207,0.1070093454,0.0757630553,2.4678193129,0.2706836468,0.5525,0.1075581238,0.136720431,2.4257972606,-0.052664601,0.5525,0.1075581238,0.136720431,2.4257972606,-0.052664601,0.8098069136000001,0.8078703032
90,0.269,0.0999449849,-0.0176974745,3.6549578548,0.259195555,0.258,0.0926606713,0.1001314257,3.1073818348,0.5007940555,0.473,0.1169230516,0.0094564361,3.2445878727,-0.1347964095,0.473,0.1169230516,0.0094564361,3.2445878727,-0.1347964095,0.8440497971,0.8436949582000001
91,0.2235,0.0925891462,0.0517363069,2.3011436533,0.137189452,0.279,0.0949157521,-0.0073751276,2.6364067353,0.1132364071,0.4975,0.1129988938,-0.0236486984,3.0155238007,-0.0211169923,0.4975,0.1129988938,-0.0236486984,3.0155238007,-0.0211169923,0.8804942060000001,0.8751652866
92,0.2455,0.0964611321,-0.1468866354,3.4418729354,0.5453256525,0.3035,0.0959830714,0.1068412474,2.7038966636,-0.3115873662,0.451,0.1007422454,-0.115196468,2.8332005935,-0.0640120154,0.451,0.1007422454,-0.115196468,2.8332005935,-0.0640120154,0.78749868805,0.7793919689
93,0.259,0.0931074648,-0.0330299636,2.7557353998,0.2945033868,0.2245,0.0887397881,-0.2136620218,3.3117436468,0.4833256833,0.5165,0.1122619704,-0.0297996014,2.7620781016,-0.2294148004,0.5165,0.1122619704,-0.0297996014,2.7620781016,-0.2294148004,0.79354386585,0.7878391781499999
94,0.272,0.0975499872,-0.0431955724,2.6945970601,0.0902696249,0.23,0.0930053762,-0.035988819,2.9485114772,0.2666263917,0.498,0.1111125555,-0.1068489033,3.1148128681,0.5642852287,0.498,0.1111125555,-0.1068489033,3.1148128681,0.5642852287,0.8685071967499999,0.8586732251500001
95,0.25,0.0982344135,0.0654450262,2.8041021235,0.0474702527,0.2755,0.1160807908,0.2064689749,3.0339736048,0.2581899191,0.4745,0.1186370515,-0.0414610342,3.0793814323,0.1763996114,0.4745,0.1186370515,-0.0414610342,3.0793814323,0.1763996114,0.8452590392499999,0.8260044167000002
96,0.2565,0.0991602239,0.0837439283,2.5599436049,0.342800703,0.3165,0.1212548968,0.1332929813,2.3710610583,0.1172167621,0.427,0.124181319,0.0695511988,2.3399236064,0.0698255831,0.427,0.124181319,0.0695511988,2.3399236064,0.0698255831,0.8873706314499998,0.88656814045
97,0.242,0.0899221886,0.0106006189,2.8111466098,0.2916694334,0.2575,0.0980752262,-0.0690640644,2.6421842998,-0.0271303857,0.5005,0.098360307,0.0285674445,2.4674953954,0.1121652727,0.5005,0.098360307,0.0285674445,2.4674953954,0.1121652727,0.7736923662500002,0.7718604487999999
98,0.2535,0.097019328,-0.0279383386,3.0158882823,0.1887535307,0.2445,0.1076789209,0.1867133739,2.4864370676,0.1844035843,0.502,0.1137804904,-0.0700635565,2.3225433749,-0.2071850225,0.502,0.1137804904,-0.0700635565,2.3225433749,-0.2071850225,0.78057236485,0.76278792135
99,0.275,0.0861684397,0.0593293207,3.6348331803,0.2813376258,0.25,0.0905538514,0.0091743119,2.256841166,0.111104889,0.475,0.1101135777,-0.0142781597,2.5933680519,-0.0337046555,0.475,0.1101135777,-0.0142781597,2.5933680519,-0.0337046555,0.7722055895550001,0.7717057646500001
100,0.264,0.0969742234,-0.1429747354,3.6827450277,0.4987008015,0.2615,0.101944838,-0.1590617124,3.4151622066,0.6500118548,0.4745,0.1134669555,-0.1869453496,2.4620313258,-0.1127763086,0.4745,0.1134669555,-0.1869453496,2.4620313258,-0.1127763086,0.8372481138049999,0.8302200416549999
101,0.254,0.1071634266,0.0867657049,2.1978182721,0.0911117315,0.2995,0.1078181339,-0.0966159491,2.8012577228,0.0009472546,0.4465,0.1116366875,-0.1394065978,2.438038417,0.1363126088,0.4465,0.1116366875,-0.1394065978,2.438038417,0.1363126088,0.92266473726,0.91198035491
102,0.2495,0.0996230395,-0.078823774,2.8036855807,0.4385783787,0.2805,0.096149623,-0.1352714212,3.0022167991,0.3931723673,0.47,0.1090871211,-0.2040306606,2.48916037,0.1063062123,0.47,0.1090871211,-0.2040306606,2.48916037,0.1063062123,0.7148829005499999,0.7037213042500001
103,0.2485,0.1085023041,-0.0045128499,3.0941648024,0.6609129845,0.2505,0.093138338,0.0917317236,2.9609860446,-0.0888199646,0.501,0.1109008566,-0.037100137,2.779576785,0.3156976437,0.501,0.1109008566,-0.037100137,2.779576785,0.3156976437,0.8197493175,0.8099547460999998
104,0.2095,0.0958371014,0.120674999,2.8692986202,0.3932192607,0.3155,0.1080960221,0.0810222232,2.7877557867,0.3516697361,0.475,0.1203120942,0.1580865604,3.9873553652,-0.4500385277,0.475,0.1203120942,0.1580865604,3.9873553652,-0.4500385277,0.7641128764149999,0.7605564963499998
105,0.2655,0.091294852,-0.1189319804,3.0079681172,0.2365035811,0.265,0.1021028893,-0.0139817923,2.5772820592,0.0845528818,0.4695,0.1019546468,-0.0158445267,2.7311164474,-0.456936138,0.4695,0.1019546468,-0.0158445267,2.7311164474,-0.456936138,0.8335863972,0.7937473650000001
106,0.274,0.0944669254,0.1379465007,3.4852388645,0.1021894018,0.216,0.094308006,0.0305316322,3.1095161771,0.3385793123,0.51,0.1129158979,-0.1020391907,3.619561707,0.1573268797,0.51,0.1129158979,-0.1020391907,3.619561707,0.1573268797,0.83582980865,0.8302970764500002
107,0.263,0.0947681381,-0.0434543411,2.5874244705,0.1704169246,0.2915,0.1095570628,0.0374292257,3.2309415676,0.5421610808,0.4455,0.125517927,-0.1422551262,2.4463163398,-0.1142702114,0.4455,0.125517927,-0.1422551262,2.4463163398,-0.1142702114,0.8625222666000001,0.8559259889000002
108,0.253,0.1036387958,0.1251206834,3.3794605419,0.2365322603,0.2925,0.1066243406,-0.0451220438,3.4228368262,0.5547573087,0.4545,0.1170672883,-0.1964994383,3.1291439535,-0.314050227,0.4545,0.1170672883,-0.1964994383,3.1291439535,-0.314050227,0.78900884985,0.7843732507000002
109,0.258,0.0942655823,0.0500577644,2.9546171378,0.3417012625,0.2235,0.0801420614,-0.0635562599,2.5275728739,0.0689061895,0.5185,0.1117262279,0.0059006294,3.5305037537,0.290126974,0.5185,0.1117262279,0.0059006294,3.5305037537,0.290126974,0.8409049291549999,0.830578523005
110,0.2955,0.0995226105,-0.0067205565,2.694380064,0.4210567503,0.214,0.092487837,0.1168842153,2.658429915,0.2597362681,0.4905,0.0989178952,-0.0399148614,2.9105807268,0.0552469006,0.4905,0.0989178952,-0.0399148614,2.9105807268,0.0552469006,0.8580053395,0.8495557845999999
111,0.2745,0.098360307,0.1099098166,3.0782274361,0.0976761648,0.23,0.1034408043,0.0183331774,2.6749934492,0.0067761903,0.4955,0.1170672883,0.0255907718,2.674719922,-0.2001677697,0.4955,0.1170672883,0.0255907718,2.674719922,-0.2001677697,0.8621683580499999,0.8587579053000001
112,0.241,0.1070934172,-0.1039022254,3.0971942541,0.3076659034,0.2685,0.0978915216,-0.1173092651,2.3404845307,-0.0526871674,0.4905,0.1119586977,-0.0707207025,2.7771901742,-0.4671969953,0.4905,0.1119586977,-0.0707207025,2.7771901742,-0.4671969953,0.806723318325,0.799166454625
113,0.23,0.0982344135,-0.0024893683,2.7148648286,0.3528622119,0.2935,0.1182486786,0.0362249658,2.6835732125,0.1144208766,0.4765,0.1169305349,-0.0719075025,2.7564904044,0.1520906516,0.4765,0.1169305349,-0.0719075025,2.7564904044,0.1520906516,0.8252275964100001,0.8247006916
114,0.2525,0.0855496932,0.0269771732,2.5973472205,-0.1735399004,0.262,0.1017644339,0.0628598234,2.8899694626,0.4416625447,0.4855,0.1096118151,-0.0916928903,3.1979268088,-0.6477498831,0.4855,0.1096118151,-0.0916928903,3.1979268088,-0.6477498831,0.8482374129000002,0.83027300645
115,0.2185,0.0879360563,0.129469143,3.137123199,0.1114002031,0.2995,0.1057106901,-0.0090741054,2.3359093059,0.2226482329,0.482,0.1180084743,0.060303025,3.0962270382,0.2557743566,0.482,0.1180084743,0.060303025,3.0962270382,0.2557743566,0.8383002743600001,0.82734475296
116,0.269,0.1048284313,0.0621958934,3.2439900005,0.1165561677,0.312,0.1056219674,0.2971108158,2.5179995014,0.2114504392,0.419,0.1137497253,0.1257678772,3.0188968885,0.3010705824,0.419,0.1137497253,0.1257678772,3.0188968885,0.3010705824,0.7391120022500001,0.7367674735
117,0.313,0.1182412787,-0.0708452141,2.8111322681,-0.1345664422,0.285,0.1057118726,-0.0429777609,2.6264132246,-0.0158719386,0.402,0.1039038017,-0.10522299,3.5441127112,0.240888877,0.402,0.1039038017,-0.10522299,3.5441127112,0.240888877,0.7873579193,0.7872174712
118,0.2305,0.0953663987,-0.0177523181,2.7945342717,0.1161119035,0.231,0.1053043209,0.0370207994,3.1548963635,0.255996385,0.5385,0.114859697,-0.0874822381,2.3223731489,-0.3065891698,0.5385,0.114859697,-0.0874822381,2.3223731489,-0.3065891698,0.8076559726499999,0.8049653516499999
119,0.257,0.0911098238,0.0812324177,2.6205427982,0.0996109166,0.2475,0.1066243406,0.1736976397,3.7503455221,0.739599072,0.4955,0.10956619,0.0914858584,2.8421232024,0.1261335006,0.4955,0.10956619,0.0914858584,2.8421232024,0.1261335006,0.79039581605,0.7887505904000001
120,0.269,0.0856679637,-0.1337101734,2.9321302731,-0.004265829,0.2215,0.0941421797,-0.0262605558,2.5775448418,0.3561589092,0.5095,0.117408475,-0.0581742225,2.7066397423,0.0309106608,0.5095,0.117408475,-0.0581742225,2.7066397423,0.0309106608,0.8803816754100001,0.86889415596
121,0.2415,0.0974820496,0.0556609779,2.3322241104,-0.1574093335,0.2405,0.1069333905,0.072401205,2.6273203581,0.1435263174,0.518,0.1057166023,-0.0241467094,3.786547664,0.4110610458,0.518,0.1057166023,-0.0241467094,3.786547664,0.4110610458,0.8213750941550002,0.8180330518000002
122,0.249,0.0956504051,0.1336748647,2.9790607164,-0.2028920953,0.242,0.1026450194,0.0280690743,3.8603598812,0.8330122235,0.509,0.1107655181,0.0486772322,2.8721990602,0.1033920871,0.509,0.1107655181,0.0486772322,2.8721990602,0.1033920871,0.7851663895500002,0.7843682164
123,0.25,0.0886002257,0.0319488818,2.7769889245,0.0862674112,0.2665,0.0935561329,0.0469112028,3.1175826295,0.3950509729,0.4835,0.1131492377,0.0658029281,2.8985691597,0.1480568004,0.4835,0.1131492377,0.0658029281,2.8985691597,0.1480568004,0.80638631572,0.8002963812999999
124,0.2375,0.0898262211,-0.0017458778,2.5288132522,0.4184428698,0.251,0.0977189848,-0.0681757966,2.5858028371,0.0764661652,0.5115,0.0913386556,-0.0860144976,2.9424295214,-0.4207207348,0.5115,0.0913386556,-0.0860144976,2.9424295214,-0.4207207348,0.81633870537,0.8101257438199999
125,0.2615,0.0976870002,-0.1204714607,3.0908965406,0.6093141527,0.299,0.0924608025,-0.0002467775,2.2961671511,0.3139336024,0.4395,0.1015615577,0.0087595067,2.3932694571,0.1000611334,0.4395,0.1015615577,0.0087595067,2.3932694571,0.1000611334,0.92380153266,0.9209472823
126,0.241,0.1032908515,-0.0106083059,2.535500317,0.0170524754,0.2575,0.0983298022,-0.050276852,4.4087169152,0.4609962526,0.5015,0.1068772661,0.1215354599,2.4016408756,-0.1987625588,0.5015,0.1068772661,0.1215354599,2.4016408756,-0.1987625588,0.8010698748999998,0.7937017521499998
127,0.243,0.091383806,-0.0961605938,2.5766340082,0.2761122442,0.2495,0.1006218167,0.0990319792,2.7154293212,0.1535549109,0.5075,0.1166994002,-0.0222828809,2.4168597112,-0.082170612,0.5075,0.1166994002,-0.0222828809,2.4168597112,-0.082170612,0.8522253524999999,0.84208625
128,0.26,0.1019803903,0.1634504052,2.4257581361,0.2446737359,0.212,0.0778203058,-0.0146969868,2.9195417844,0.3612631182,0.528,0.1010742301,0.1159373647,2.8309811134,-0.1308341641,0.528,0.1010742301,0.1159373647,2.8309811134,-0.1308341641,0.8686894876,0.8632684334
129,0.23,0.0908295106,0.0007316181,3.20815427,0.4744152952,0.2485,0.1049892852,0.0267381644,2.7418191962,0.4997584216,0.5215,0.1177401801,0.0215128521,2.861464632,-0.4060989224,0.5215,0.1177401801,0.0215128521,2.861464632,-0.4060989224,0.8145706983500001,0.80929070595
130,0.3055,0.1122263338,-0.0780449377,2.519254978,0.3666671078,0.224,0.1030727898,-0.1295041081,2.5001633038,0.0833280581,0.4705,0.1109267777,0.082911227,2.4083534066,-0.0561255592,0.4705,0.1109267777,0.082911227,2.4083534066,-0.0561255592,0.7785913045600001,0.7778156639
131,0.223,0.0912195155,-0.0206724758,2.4313649434,0.2518768543,0.2705,0.0962016112,-0.0565866117,2.1282526118,0.0909421115,0.5065,0.1087784446,0.0619342279,2.7254776815,0.3983510011,0.5065,0.1087784446,0.0619342279,2.7254776815,0.3983510011,0.8620918707499999,0.8561960516500001
132,0.2545,0.1067930241,0.009561756,2.9618811077,-0.1172507203,0.2335,0.0964507646,0.3296236702,2.931707981,0.3385073967,0.512,0.1097998179,-0.0621050811,2.6378131868,0.3960395429,0.512,0.1097998179,-0.0621050811,2.6378131868,0.3960395429,0.74830754215,0.7462867364
133,0.236,0.091126286,0.0020846485,2.1615211556,0.0614658658,0.2905,0.0989178952,0.0837754288,2.3567446919,-0.0609856911,0.4735,0.1098760665,0.0962645588,3.1549497039,0.3201215521,0.4735,0.1098760665,0.0962645588,3.1549497039,0.3201215521,0.8452325373499999,0.8395528029499999
134,0.2375,0.0884236959,0.0192971765,2.4275543594,0.1322117037,0.249,0.1004937809,0.1448425976,3.6666469915,0.7442190394,0.5135,0.1139857447,-0.0891623964,2.5306456272,-0.2126395956,0.5135,0.1139857447,-0.0891623964,2.5306456272,-0.2126395956,0.798398532255,0.794076646455
135,0.2545,0.0916774236,0.007579573,3.7990243687,0.3733745713,0.2415,0.0943543852,-0.1673661096,2.5988230056,0.0492661724,0.504,0.1057544325,-0.046356558,2.5727506954,0.2310093008,0.504,0.1057544325,-0.046356558,2.5727506954,0.2310093008,0.8791528279499998,0.8695437328000001
136,0.2465,0.0975333276,-0.0434064404,2.7217711445,0.4377800184,0.2915,0.1261061061,0.2235627801,2.6797995869,0.2592377916,0.462,0.1196076921,0.0943534552,2.897404729,0.1187862148,0.462,0.1196076921,0.0943534552,2.897404729,0.1187862148,0.76065020715,0.7550181214
137,0.253,0.0913290753,0.0652099111,2.2620453827,-0.0493531025,0.293,0.1041681333,0.1426920501,3.9544826246,0.4916394145,0.454,0.108554134,0.0586597148,2.6846817045,-0.1555438573,0.454,0.108554134,0.0586597148,2.6846817045,-0.1555438573,0.6007819729449999,0.59602619915
138,0.2365,0.0953559122,0.0282135225,4.0212892774,0.5875880699,0.2705,0.0969780903,0.0102817547,2.8756456233,0.1279997249,0.493,0.1041681333,0.0023510416,3.3465545959,-0.1586140786,0.493,0.1041681333,0.0023510416,3.3465545959,-0.1586140786,0.8760686994000002,0.86850478435
139,0.245,0.0906917857,-0.1189649344,2.594368123,0.1588599752,0.2795,0.0987661379,0.0209185883,2.5325632768,-0.0054157555,0.4755,0.1203110552,0.0308857847,2.2205769991,0.3387077707,0.4755,0.1203110552,0.0308857847,2.2205769991,0.3387077707,0.8336187326700001,0.82905152937
140,0.2415,0.099512562,-0.0274539445,2.7526130162,0.0983149265,0.259,0.0931074648,-0.1181708996,2.6072354904,-0.0957593172,0.4995,0.1152161013,-0.0683075097,3.0199918844,0.085756951,0.4995,0.1152161013,-0.0683075097,3.0199918844,0.085756951,0.695444918305,0.6932846207500001
141,0.248,0.0857088093,-0.0041021663,2.984808385,0.3717879793,0.271,0.1093572128,-0.0791099017,2.9074514011,0.3171899966,0.481,0.1069532608,-0.0529155543,2.4609557711,0.0583454001,0.481,0.1069532608,-0.0529155543,2.4609557711,0.0583454001,0.7819621850299999,0.77935347598
142,0.2485,0.090954659,-0.1555187679,2.5106769881,-0.0551791047,0.25,0.0891627725,0.0599369085,2.7471223448,0.2221927403,0.5015,0.1064084113,-0.2029955297,2.7347902302,0.4214634338,0.5015,0.1064084113,-0.2029955297,2.7347902302,0.4214634338,0.7370229746150001,0.7139548721600001
143,0.266,0.0966643678,0.0535165509,2.668630115,0.0663085561,0.1995,0.1003730542,0.0820705729,3.2501793362,0.4809594272,0.5345,0.0984111274,0.2252178547,3.1534268816,-0.1780374933,0.5345,0.0984111274,0.2252178547,3.1534268816,-0.1780374933,0.8056855698,0.7956133059000001
144,0.2865,0.1099670405,-0.132007027,2.8570739072,0.5308803309,0.26,0.0994987437,-0.1501419303,3.0805019896,0.4157201872,0.4535,0.1022875848,-0.0254810476,2.8655972752,0.3820263954,0.4535,0.1022875848,-0.0254810476,2.8655972752,0.3820263954,0.7164298632849999,0.7061272302999999
145,0.2565,0.1090080272,0.0465382568,2.455086771,0.1229521262,0.224,0.1011137973,-0.0021297337,2.779575077,0.1741634585,0.5195,0.1168107444,-0.1536929704,2.6266052308,-0.0843131179,0.5195,0.1168107444,-0.1536929704,2.6266052308,-0.0843131179,0.7364603733099999,0.7361848723500002
146,0.245,0.090967027,-0.0948882482,2.1313149752,-0.1703748043,0.2435,0.1016501353,0.0652935407,2.9544567277,0.3979845065,0.5115,0.1079015755,-0.0564509138,4.8486418559,-0.0055288625,0.5115,0.1079015755,-0.0564509138,4.8486418559,-0.0055288625,0.7906611056000001,0.7736910833499999
147,0.2605,0.1047127022,-0.0135439707,3.1735686483,0.2566764874,0.2335,0.0888974128,-0.0864835597,2.6401501013,0.4190946458,0.506,0.1223274295,0.0380918065,3.2880129097,0.205097203,0.506,0.1223274295,0.0380918065,3.2880129097,0.205097203,0.8496412656000002,0.8400301999500002
148,0.2535,0.1017975933,0.0661876054,2.5931740512,0.2677006771,0.2365,0.0937696646,-0.1809866463,3.4152909209,-0.0335760797,0.51,0.1210371844,-0.076707267,2.4705937169,0.0152267538,0.51,0.1210371844,-0.076707267,2.4705937169,0.0152267538,0.7973745027,0.7958242945999999
149,0.2515,0.0957744747,-0.0577942236,3.3922162762,0.2646160479,0.2825,0.0872854513,0.10934766,2.9391814455,0.2392365519,0.466,0.1012126474,0.014591698,2.7486436761,0.0378001107,0.466,0.1012126474,0.014591698,2.7486436761,0.0378001107,0.6884511504649999,0.6852946945649999
150,0.254,0.0867986175,0.1858160154,3.5369087973,0.6109544008,0.2455,0.0969780903,-0.0024422983,2.9438202551,-0.0786079502,0.5005,0.1045215289,0.0846699203,3.2156335532,0.2231973859,0.5005,0.1045215289,0.0846699203,3.2156335532,0.2231973859,0.7955144132499998,0.7915569875
151,0.253,0.0907799537,-0.0041366791,2.5706047175,0.2617289051,0.2465,0.0878222637,-0.0501386175,3.215810258,0.6381870628,0.5005,0.1013644415,-0.1438992083,3.4162048565,-0.229633759,0.5005,0.1013644415,-0.1438992083,3.4162048565,-0.229633759,0.8465278988,0.8404656156
152,0.279,0.1102678557,-0.0028731115,3.1125687892,0.4775532357,0.211,0.0928924109,-0.0242335998,2.9835434877,0.6504895416,0.51,0.1067707825,0.0012368584,2.4616805171,0.1330937732,0.51,0.1067707825,0.0012368584,2.4616805171,0.1330937732,0.7414069780499999,0.6764521929499999
153,0.251,0.1065316854,0.1954930188,2.305850589,0.1165828985,0.264,0.1088760763,0.0738918467,3.0174256388,0.3133292039,0.485,0.111467484,0.0672508126,2.6609597221,0.0270761351,0.485,0.111467484,0.0672508126,2.6609597221,0.0270761351,0.8034360858000001,0.8023978378500001
154,0.253,0.0902274903,0.0635442442,2.8892087757,0.0227407011,0.328,0.1177539808,0.0160309882,3.6677560951,0.7538103658,0.419,0.1205777757,0.1544430524,4.1271266559,-0.4880449624,0.419,0.1205777757,0.1544430524,4.1271266559,-0.4880449624,0.85096509535,0.8500889495499999
155,0.253,0.1083558951,0.0459427762,2.4625070369,0.18220626,0.296,0.1197246842,0.3061474872,2.8204117717,0.1818459797,0.451,0.1062967544,0.0686466241,2.9315846807,0.2423735234,0.451,0.1062967544,0.0686466241,2.9315846807,0.2423735234,0.8108165278499999,0.8070228691999999
156,0.228,0.0967780967,-0.0014784493,2.9994387266,0.409636265,0.26,0.1036822068,-0.1554563215,2.8054515955,0.2570466392,0.512,0.1162153174,-0.0797093722,2.7125753478,0.1908481281,0.512,0.1162153174,-0.0797093722,2.7125753478,0.1908481281,0.8560371828600001,0.85199500175
157,0.2305,0.0854093086,-0.0988309224,2.6263460189,0.3417242912,0.3055,0.1041381294,-0.1457721423,3.4638713362,0.2852478731,0.464,0.105848949,-0.0898004118,2.7666869625,-0.3126756993,0.464,0.105848949,-0.0898004118,2.7666869625,-0.3126756993,0.8633061139999999,0.8584578517499999
158,0.3065,0.0986547009,0.0675684186,2.7704794524,0.5219708246,0.195,0.0915150261,0.0137511609,2.6875740699,0.245616626,0.4985,0.100611878,-0.1300457023,2.6327363564,0.2619675015,0.4985,0.100611878,-0.1300457023,2.6327363564,0.2619675015,0.83607879555,0.8330513288999999
159,0.2505,0.0949986842,0.0806086166,2.5356463411,-0.1280557655,0.2405,0.0873770565,0.0706816204,2.44407446,0.2581280743,0.509,0.1061555463,-0.0995637294,2.4266520276,0.0459830513,0.509,0.1061555463,-0.0995637294,2.4266520276,0.0459830513,0.7741382850999999,0.75056418115
160,0.2415,0.0930201591,0.0171464905,2.7085134726,0.1180414826,0.21,0.0891627725,-0.0655428356,2.9488548712,0.025393456,0.5485,0.0998636571,0.1104837034,3.2348021243,0.2370992326,0.5485,0.0998636571,0.1104837034,3.2348021243,0.2370992326,0.7834914176500001,0.78131921025
161,0.255,0.1073545528,-0.067051346,2.4555173371,0.3430965045,0.2675,0.1049702339,0.1365316596,2.6323681241,0.1620263229,0.4775,0.1190325586,0.1825873665,3.2497890272,-0.1399127155,0.4775,0.1190325586,0.1825873665,3.2497890272,-0.1399127155,0.8204095607549998,0.818479722
162,0.2585,0.1086404621,0.2523180833,2.7566663589,0.459865777,0.2545,0.0967199566,-0.1113457586,3.0247829531,0.220901564,0.487,0.1128317331,-0.0379553538,3.8658764386,-0.2341128984,0.487,0.1128317331,-0.0379553538,3.8658764386,-0.2341128984,0.7468422740599999,0.7464161064499999
163,0.248,0.1007273548,-0.1613841739,3.4713812285,0.5463748226,0.2345,0.0971326413,-0.0199343771,3.0442605338,0.3995862989,0.5175,0.1018270593,-0.1432984777,2.9604785994,-0.5005295315,0.5175,0.1018270593,-0.1432984777,2.9604785994,-0.5005295315,0.5558718276,0.4953464963
164,0.238,0.1037111373,0.0946380228,2.8192675392,0.3217736729,0.237,0.0978825827,0.1975420566,2.418698841,0.4540947808,0.525,0.1154339638,0.0699202252,2.7471144606,-0.3413174378,0.525,0.1154339638,0.0699202252,2.7471144606,-0.3413174378,0.8165629019499999,0.8081106033
165,0.229,0.1082081328,-0.0226598515,2.7727831418,0.3941787229,0.25,0.1168332145,-0.0146788991,3.4838787586,0.4796919806,0.521,0.1263289357,-0.1070436893,3.3712435998,-0.1759242624,0.521,0.1263289357,-0.1070436893,3.3712435998,-0.1759242624,0.7523963195500002,0.7484913452499999
166,0.2535,0.1035024154,0.0454192363,2.587269458,0.1837338353,0.2475,0.0922970747,-0.0571254021,2.7734885231,0.4167298855,0.499,0.1117989266,0.1797430176,2.5797087177,0.1055536436,0.499,0.1117989266,0.1797430176,2.5797087177,0.1055536436,0.7146585155400001,0.69515904221
167,0.256,0.094413982,0.0875449259,2.6927502948,0.1477317951,0.2515,0.1091913458,0.1152571007,2.6218488474,0.2497150007,0.4925,0.1075581238,0.0263909282,2.5790071861,0.1341854855,0.4925,0.1075581238,0.0263909282,2.5790071861,0.1341854855,0.79972674065,0.7996427671
168,0.323,0.1073359213,0.1210974118,3.0278893847,0.0670247862,0.2,0.0916515139,0.2776119403,2.7210884354,0.2338048824,0.477,0.1132298547,0.1250192147,2.7351486504,0.4076653992,0.477,0.1132298547,0.1250192147,2.7351486504,0.4076653992,0.8386502441449999,0.8171022687149998
169,0.261,0.103821963,0.0462002696,3.3402188549,0.2349769629,0.2565,0.0966061592,0.0152757913,2.6146455269,0.3981658153,0.4825,0.120701077,-0.0114524289,2.9896631325,-0.0773580035,0.4825,0.120701077,-0.0114524289,2.9896631325,-0.0773580035,0.859128586,0.8569751050000001
170,0.2615,0.0984517648,-0.0511392807,2.7563098886,0.2597060372,0.276,0.1033150521,-0.0076992327,3.2064071044,0.5258069979,0.4625,0.1080219885,-0.0430352594,2.3906679569,-0.0859046668,0.4625,0.1080219885,-0.0430352594,2.3906679569,-0.0859046668,0.73683445345,0.7327932265499999
171,0.254,0.0934558719,0.0420021434,3.5472529598,0.4166991399,0.236,0.0897440806,0.0100300249,3.1133243948,0.5271342271,0.51,0.1019803903,0.0144393837,2.4465606509,0.2093162596,0.51,0.1019803903,0.0144393837,2.4465606509,0.2093162596,0.8180958435800001,0.8178378619999999
172,0.2775,0.1098578627,0.029007507,3.2088055523,0.3486686035,0.2645,0.0938869,0.0803221018,2.6106550656,-0.1603938204,0.458,0.1156978824,0.0551164487,2.4677150536,-0.1754829277,0.458,0.1156978824,0.0551164487,2.4677150536,-0.1754829277,0.9148012019,0.9052202733
173,0.26,0.0982344135,0.0030674847,2.9632473355,0.5506549315,0.231,0.0924067097,-0.0451763492,3.3684159703,0.2706787291,0.509,0.1177667186,-0.1578528892,2.7261102376,0.2340699507,0.509,0.1177667186,-0.1578528892,2.7261102376,0.2340699507,0.833821745105,0.8309996206549999
174,0.2295,0.0880610584,-0.2418477533,3.6849455992,0.3284302887,0.257,0.0894483091,-0.0965849088,3.3653226324,0.4284564996,0.5135,0.0940358974,-0.084161159,2.6737164472,0.0398759076,0.5135,0.0940358974,-0.084161159,2.6737164472,0.0398759076,0.8419230371649998,0.8361681382650001
175,0.3115,0.1170160245,0.1149426695,3.0375668406,0.2464184948,0.343,0.1012472222,0.1644278872,3.2964513166,0.3498594776,0.3455,0.1024926827,0.1644333085,2.5561679989,-0.0110013838,0.3455,0.1024926827,0.1644333085,2.5561679989,-0.0110013838,0.8667350737499999,0.8574588181499999
176,0.298,0.1222538343,0.2369087176,3.4574432362,0.6374125976,0.3365,0.1168021832,0.2878844603,2.746536012,0.0823605298,0.3655,0.1055213249,0.0408849493,2.9750443293,0.0168178986,0.3655,0.1055213249,0.0408849493,2.9750443293,0.0168178986,0.7219717106499999,0.7217303743999999
177,0.251,0.1014839889,0.0319202039,2.6795833136,0.4105517914,0.2475,0.1023169096,0.0453454909,2.8944613054,0.4595905091,0.5015,0.1217487166,-0.1456300075,2.730187186,-0.1844987141,0.5015,0.1217487166,-0.1456300075,2.730187186,-0.1844987141,0.8820154284499997,0.8706290648499999
178,0.231,0.087401373,0.007752374,3.085067805,0.1419616713,0.267,0.1118525816,-0.0353508889,3.2559287209,0.4659366552,0.502,0.1166018868,-0.1628923345,2.5405099418,-0.0151918927,0.502,0.1166018868,-0.1628923345,2.5405099418,-0.0151918927,0.8815778477799998,0.865613165415
179,0.2875,0.1020722783,0.1398107824,2.9902327873,-0.2596170135,0.2225,0.1073254397,-0.0045652186,2.9247240442,0.4022987061,0.49,0.1208304597,0.0157237023,2.9751829612,-0.3902785303,0.49,0.1208304597,0.0157237023,2.9751829612,-0.3902785303,0.8322686206000001,0.82438309205
180,0.2765,0.0884463114,0.0808164753,2.9119112086,0.5033026169,0.222,0.0898109125,0.063547182,3.0794702691,0.2684870527,0.5015,0.1082716491,-0.0025241045,3.105729635,-0.2158814973,0.5015,0.1082716491,-0.0025241045,3.105729635,-0.2158814973,0.8201935774100001,0.763378218545
181,0.2775,0.094174041,0.0443715041,2.5616095067,0.0165004197,0.2435,0.0999137128,-0.1999253328,3.0186150628,-0.1141068742,0.479,0.1086692229,-0.0162257711,2.7473520317,0.3473363473,0.479,0.1086692229,-0.0162257711,2.7473520317,0.3473363473,0.7997567074300002,0.7866452102149999
182,0.2625,0.1008402202,-0.0303871664,2.8152481424,-0.094625954,0.305,0.1217579566,0.1828182294,2.5843980788,0.1911292,0.4325,0.1235667836,0.1955091267,4.3906487481,0.9451470769,0.4325,0.1235667836,0.1955091267,4.3906487481,0.9451470769,0.8269540896499998,0.8260965218999999
183,0.2725,0.0920258116,0.0869161959,3.0900521507,0.5751234175,0.256,0.0863944443,-0.0759299522,3.7682862736,0.3844812254,0.4715,0.0995627943,-0.1692371656,3.0047444253,-0.2918722843,0.4715,0.0995627943,-0.1692371656,3.0047444253,-0.2918722843,0.911996918985,0.9094380788349998
184,0.243,0.0919293207,-0.0878541347,3.0349147986,0.4476977445,0.255,0.1057118726,0.2326139089,3.3418164347,0.5288529937,0.502,0.1050999524,0.1664809734,3.7553044436,0.0441162002,0.502,0.1050999524,0.1664809734,3.7553044436,0.0441162002,0.80160097668,0.7900381862149999
185,0.2505,0.1101124425,0.2952280477,2.4733981992,0.1614598432,0.2495,0.104760441,0.0552143657,2.9085978015,0.5024809744,0.5,0.1232882801,0.1233108108,2.6835180055,0.1760956216,0.5,0.1232882801,0.1233108108,2.6835180055,0.1760956216,0.90771417235,0.8980938747000001
186,0.254,0.0907413908,0.1048163607,2.7653343964,0.0918512453,0.2135,0.0842184659,0.0481574958,3.8403238802,0.2620502773,0.5325,0.1105384548,-0.0679436863,3.2335248985,-0.103214824,0.5325,0.1105384548,-0.0679436863,3.2335248985,-0.103214824,0.87504135195,0.8730727820000002
187,0.2075,0.0855496932,-0.0966810967,2.6259111272,0.1495827096,0.2605,0.1080034722,0.0813654334,2.6511520627,0.1271221552,0.532,0.1112474719,0.0748400618,2.9363938753,-0.0714439948,0.532,0.1112474719,0.0748400618,2.9363938753,-0.0714439948,0.91618464655,0.9039096784
188,0.2775,0.1096300597,0.1305172932,2.6375901214,-0.1753877463,0.2525,0.1056823069,-0.0851455604,2.6269951891,0.2393114914,0.47,0.1164044673,-0.0006713412,2.9066870004,0.3290473633,0.47,0.1164044673,-0.0006713412,2.9066870004,0.3290473633,0.83641881055,0.8303745048
189,0.2755,0.0947351571,0.0357430506,2.697999791,0.1477260087,0.282,0.1001299156,0.0001757231,2.7274037831,-0.1123256454,0.4425,0.1277448629,0.1915171012,2.8506853352,-0.084502143,0.4425,0.1277448629,0.1915171012,2.8506853352,-0.084502143,0.8765064360049999,0.8755170077000001
190,0.254,0.1052805775,0.0916195983,3.5967167033,0.4986829025,0.259,0.0990908674,-0.1813176443,3.2465797448,0.2201067759,0.487,0.1252237997,0.0318132622,4.1888058193,0.5710105703,0.487,0.1252237997,0.0318132622,4.1888058193,0.5710105703,0.7985467886999998,0.7900957862
191,0.2665,0.0972252539,0.0105848898,3.330816975,0.1347557657,0.223,0.0837914077,0.1533011773,2.8309313214,0.0694952178,0.5105,0.111421497,-0.0677965521,2.9241579679,0.0499018619,0.5105,0.111421497,-0.0677965521,2.9241579679,0.0499018619,0.7727725665499999,0.7668181467499998
192,0.269,0.1167861293,0.2408669259,3.3789656726,0.5639076157,0.2225,0.0993415824,-0.0509815916,2.4144144108,0.6438529203,0.5085,0.1307774828,0.1947689138,2.323590681,0.1395010883,0.5085,0.1307774828,0.1947689138,2.323590681,0.1395010883,0.8009203401999999,0.79714608845
193,0.238,0.095163018,0.0815697373,2.8962724282,0.1540317606,0.2635,0.1031637049,0.1368302761,2.5973546014,0.1550698527,0.4985,0.1225673284,0.1506444158,2.9134350888,0.0591190184,0.4985,0.1225673284,0.1506444158,2.9134350888,0.0591190184,0.7863540735,0.7719707454499999
194,0.249,0.1058253278,-0.0737128973,2.9175904664,0.4185994074,0.224,0.0944669254,-0.0291749913,2.5856657775,0.2089480748,0.527,0.1143284741,-0.0057452501,2.6854789664,0.0060666996,0.527,0.1143284741,-0.0057452501,2.6854789664,0.0060666996,0.73798987717,0.7335305739499999
195,0.2595,0.0862249964,0.0342525744,2.3077192402,0.17315388,0.2445,0.0982076881,0.0754524819,2.8785724108,0.3278700251,0.496,0.1167647207,-0.0862538603,2.998906663,-0.0730717195,0.496,0.1167647207,-0.0862538603,2.998906663,-0.0730717195,0.85549563569,0.82979100664
196,0.2445,0.102930802,-0.1523069341,3.5288212251,0.4779617316,0.2525,0.0985837208,-0.0841313492,2.8412166954,0.3218248191,0.503,0.1224377393,-0.1320346424,2.3131738959,-0.0408321786,0.503,0.1224377393,-0.1320346424,2.3131738959,-0.0408321786,0.69378130825,0.6549668278199999
197,0.2755,0.1103392496,0.0036403927,2.4110600592,0.0675922598,0.2,0.0848528137,0.1056338028,2.9947916667,0.3805609413,0.5245,0.1068866222,0.0508832463,2.7870705306,0.1673211797,0.5245,0.1068866222,0.0508832463,2.7870705306,0.1673211797,0.8262078466,0.8217539550000001
198,0.253,0.0950841732,-0.1377671174,2.8640123638,0.2455679917,0.259,0.0939095309,-0.0155176516,3.2556283522,0.4360820649,0.488,0.1109324119,0.0939311202,2.7454839034,0.0236196548,0.488,0.1109324119,0.0939311202,2.7454839034,0.0236196548,0.87049376295,0.8596303166
199,0.269,0.0859592927,0.0009506871,3.3705048825,0.605315366,0.247,0.1041201229,0.0294770915,4.6188480869,0.6313051956,0.484,0.1159482643,0.0266880511,3.0146241418,0.0108467463,0.484,0.1159482643,0.0266880511,3.0146241418,0.0108467463,0.8468360871500001,0.84109528755
200,0.2605,0.087548558,-0.1569423628,3.2796079843,0.3258426677,0.261,0.0923525852,-0.1540558587,2.5669661436,0.1424597348,0.4785,0.1010581516,-0.0313948255,2.533752848,-0.0436876778,0.4785,0.1010581516,-0.0313948255,2.533752848,-0.0436876778,0.8125713673749999,0.8083211072750001
201,0.279,0.1144945414,-0.0683742305,2.7488285099,0.2865783445,0.217,0.0855043859,0.0560974166,2.4055398055,0.3154997293,0.504,0.1152562363,-0.0892163636,3.2114988057,-0.1221190095,0.504,0.1152562363,-0.0892163636,3.2114988057,-0.1221190095,0.826104575025,0.8219862764250001
202,0.244,0.094678403,0.0930881511,2.5102904553,0.0931639689,0.282,0.1035664038,-0.0844601061,3.0022603269,0.2498403823,0.474,0.1289340917,-0.0057551545,2.6356737155,-0.0470056844,0.474,0.1289340917,-0.0057551545,2.6356737155,-0.0470056844,0.89442879905,0.8861458409999999
203,0.2525,0.0939081999,-0.1457203807,3.1089073851,0.2355769583,0.284,0.1017054571,0.1032462192,3.6141215505,0.5518871062,0.4635,0.1135462461,0.1096238498,2.5602224767,-0.1867356972,0.4635,0.1135462461,0.1096238498,2.5602224767,-0.1867356972,0.8670871387,0.8606458615999998
204,0.241,0.0960156237,-0.1336865709,3.2425019821,0.1040954896,0.275,0.0973396117,0.1762376238,2.3247192654,0.2398912743,0.484,0.1159482643,0.034709465,2.2887794177,0.2369810071,0.484,0.1159482643,0.034709465,2.2887794177,0.2369810071,0.7582514516999999,0.7368277948499999
205,0.306,0.1077682699,0.223752098,2.3376766976,-0.0233840814,0.245,0.0858778202,-0.0400352554,3.1192530882,0.3564385941,0.449,0.1129114697,0.1295678139,2.8226280427,0.1707166227,0.449,0.1129114697,0.1295678139,2.8226280427,0.1707166227,0.7813580037550001,0.7783030979
206,0.244,0.090354856,0.0289746011,2.8510841325,0.0164954705,0.264,0.105848949,0.1088980812,3.047019215,0.2754695071,0.492,0.1148303096,0.0373033403,2.4868535678,-0.2149875974,0.492,0.1148303096,0.0373033403,2.4868535678,-0.2149875974,0.914358314755,0.901872662505
207,0.2635,0.1024341252,0.0151895225,2.9054028315,-0.0034115152,0.2355,0.1005721134,0.1430434231,2.4933725077,0.0607417392,0.501,0.1220614599,0.1738860403,3.294390192,-0.1551737484,0.501,0.1220614599,0.1738860403,3.294390192,-0.1551737484,0.8519958478200002,0.8383544025099999
208,0.251,0.1014839889,-0.0416636032,2.409759974,0.0804662452,0.221,0.0946519942,0.1308000032,3.0133050713,0.5263310481,0.528,0.1087014259,-0.0224274406,2.8272632406,0.2281223442,0.528,0.1087014259,-0.0224274406,2.8272632406,0.2281223442,0.76892399277,0.76527235785
209,0.296,0.1023914059,0.1271328734,2.7906046328,0.1009547064,0.361,0.1094486181,0.0477111166,2.9957584593,0.46210734,0.343,0.0924716173,-0.1146192621,2.4528470417,-0.1076050733,0.343,0.0924716173,-0.1146192621,2.4528470417,-0.1076050733,0.86764405785,0.8539802512000001
210,0.2435,0.0929125933,0.1134198743,2.5952416728,0.2834630935,0.2205,0.1000237472,0.0314436105,2.8756855231,0.439529548,0.536,0.1189705846,0.0473888803,3.005631567,0.057729938,0.536,0.1189705846,0.0473888803,3.005631567,0.057729938,0.8061418132549999,0.799781482255
211,0.2425,0.1015812483,-0.1827186357,3.0421432085,0.0465981166,0.2875,0.1000937061,-0.1359421656,3.6347650557,0.0462760377,0.47,0.1063014581,-0.0286827195,2.5988722688,0.0324673574,0.47,0.1063014581,-0.0286827195,2.5988722688,0.0324673574,0.73373369455,0.7207664567499998
212,0.2295,0.101758292,0.0433024089,2.7455885586,0.378845205,0.2895,0.1123154041,0.0388489243,2.8640459393,0.3580330623,0.481,0.1250559875,0.057588053,2.6628485891,0.0170175073,0.481,0.1250559875,0.057588053,2.6628485891,0.0170175073,0.7364923080500001,0.71898016645
213,0.253,0.0958697032,-0.0798713076,2.8546675179,0.0337676789,0.1905,0.0868029377,0.1572266787,3.1928246564,0.2933279448,0.5565,0.10622029,0.0470256521,2.4927683947,0.2365222578,0.5565,0.10622029,0.0470256521,2.4927683947,0.2365222578,0.7897153571500002,0.7885463404
214,0.2515,0.0901263003,-0.0097259276,2.8299834964,-0.0038326075,0.274,0.0975909832,-0.094004774,3.1651538914,0.441599999,0.4745,0.1107914708,-0.0117780972,2.6259690579,-0.0115080647,0.4745,0.1107914708,-0.0117780972,2.6259690579,-0.0115080647,0.8891005622550001,0.8782755436050002
215,0.2835,0.1019938724,0.0793053191,2.576810644,-0.1501595042,0.3065,0.1057485224,0.1083183439,2.4700964011,0.1652447803,0.41,0.1058300524,0.0730210308,3.1875797194,0.2619597519,0.41,0.1058300524,0.0730210308,3.1875797194,0.2619597519,0.80156597595,0.79783879195
216,0.2375,0.0864219301,-0.0621468927,2.4774951419,0.0748008652,0.2075,0.0813557005,0.0086456425,2.8298196759,0.3703179811,0.555,0.1068877916,-0.0105438523,2.9586208217,-0.0319359834,0.555,0.1068877916,-0.0105438523,2.9586208217,-0.0319359834,0.72551424028,0.7242889907
217,0.31,0.0987420883,-0.0391411547,2.9233925049,0.204105934,0.2045,0.0842896791,0.0214366221,3.3129522701,0.3218543302,0.4855,0.1147377444,-0.0761740621,2.6444420293,-0.4819846252,0.4855,0.1147377444,-0.0761740621,2.6444420293,-0.4819846252,0.84148335516,0.8344106013099999
218,0.238,0.0964676111,-0.1825785982,2.5297165518,-0.167930675,0.2685,0.0958266664,-0.0539987815,2.4644336037,0.1310022682,0.4935,0.1139418711,0.0053531328,3.1421289477,0.2363910329,0.4935,0.1139418711,0.0053531328,3.1421289477,0.2363910329,0.8363703190499999,0.8298607428000002
219,0.25,0.0992471662,0.0279187817,3.4695560308,0.5677258084,0.2785,0.0975333276,-0.1101155694,2.6662416271,0.2341650898,0.4715,0.1173147476,0.0427832145,2.5531577987,0.267014316,0.4715,0.1173147476,0.0427832145,2.5531577987,0.267014316,0.8326485291649999,0.826832589915
220,0.251,0.0961717214,-0.0580492501,2.5658198639,0.2330003434,0.2815,0.1031152268,0.0018900335,4.1102492237,0.3444908716,0.4675,0.1087140745,-0.1629238433,2.4986841005,0.124842934,0.4675,0.1087140745,-0.1629238433,2.4986841005,0.124842934,0.7547753660150001,0.7346486087050002
221,0.2615,0.1009591502,-0.2276952419,2.2044534805,0.1147457285,0.2805,0.1062767613,-0.1415458532,2.8213832067,-0.0838010747,0.458,0.1055272477,-0.2267645016,2.9849772716,-0.1980817059,0.458,0.1055272477,-0.2267645016,2.9849772716,-0.1980817059,0.8566465109999999,0.8538438401
222,0.271,0.0967419247,-0.0687956278,2.564848697,0.0675077115,0.3005,0.1001236735,0.0636335732,2.4758796028,-0.133292097,0.4285,0.1098305513,0.2151144529,3.0820029877,-0.2100331874,0.4285,0.1098305513,0.2151144529,3.0820029877,-0.2100331874,0.8113221067999999,0.81107944745
223,0.288,0.1029854359,-0.0553200058,2.9999029579,-0.0951748336,0.2145,0.1022973607,-0.0449288053,2.3344131153,0.4114694451,0.4975,0.113440513,-0.0899498197,3.0568734711,0.2930334507,0.4975,0.113440513,-0.0899498197,3.0568734711,0.2930334507,0.8434872481000001,0.8363185058499999
224,0.252,0.0902551938,-0.2115588152,2.3465468676,0.1647346322,0.2385,0.0874228231,-0.0036780708,3.6864576677,0.1293806015,0.5095,0.1097030082,-0.0969060394,3.155215227,-0.2481334425,0.5095,0.1097030082,-0.0969060394,3.155215227,-0.2481334425,0.7755757679149999,0.7750050165
225,0.222,0.0967780967,0.1798664661,3.0603128822,0.2192087543,0.263,0.1013952662,0.0388436636,3.8074699429,0.3638984289,0.515,0.1121383075,-0.0047675091,3.3072538922,0.3515610333,0.515,0.1121383075,-0.0047675091,3.3072538922,0.3515610333,0.8133170720599999,0.8043594087700001
226,0.318,0.1030824912,-0.0200195948,2.5271643879,-0.1868217005,0.2705,0.0982585874,-0.1884558881,2.6318875099,0.3835588575,0.4115,0.101944838,0.1873877475,3.3751656332,0.3385404229,0.4115,0.101944838,0.1873877475,3.3751656332,0.3385404229,0.7663488326499998,0.76614274325
227,0.2605,0.0881178189,-0.1820838263,3.1879841971,0.4465025133,0.221,0.0908790405,0.0321298234,3.2211299657,0.4835285213,0.5185,0.1108275688,-0.1495680678,2.7191956763,-0.2731089217,0.5185,0.1108275688,-0.1495680678,2.7191956763,-0.2731089217,0.7716864697899999,0.7588756684200001
228,0.265,0.1003742995,-0.079088644,3.1658651922,0.0823221416,0.243,0.099,-0.0163246607,3.0233698035,0.5036220794,0.492,0.1090229334,-0.0693422798,2.7501399591,-0.2116176428,0.492,0.1090229334,-0.0693422798,2.7501399591,-0.2116176428,0.88633582375,0.87885519325
229,0.283,0.1049333122,0.1374199029,2.6609864158,0.2392842711,0.263,0.0896158468,-0.0314556878,3.0081900603,0.315537675,0.454,0.114166545,-0.002430418,3.2840246031,0.2190979554,0.454,0.114166545,-0.002430418,3.2840246031,0.2190979554,0.8536603033000001,0.8423413524999999
230,0.2815,0.1004128976,0.1047823411,2.9922860897,0.0762261384,0.225,0.1064189833,0.1573716179,2.8518486031,0.435614159,0.4935,0.1059846687,0.0474706339,2.2823348891,-0.2137227235,0.4935,0.1059846687,0.0474706339,2.2823348891,-0.2137227235,0.80184492346,0.8015650629999997
231,0.2535,0.0883897619,0.0822869771,3.1470779407,-0.0627408245,0.236,0.0916733331,0.0317052475,3.5895277537,0.3578710792,0.5105,0.1129811931,0.0614470497,2.7741718316,0.222235426,0.5105,0.1129811931,0.0614470497,2.7741718316,0.222235426,0.8022398086999999,0.7945011949500002
232,0.252,0.1086093919,0.2186332069,2.8570296602,0.3584386769,0.2055,0.0929771477,0.1587374439,2.7294543054,-0.0485898104,0.5425,0.1061543687,0.0518357212,2.5590691425,0.0963184629,0.5425,0.1061543687,0.0518357212,2.5590691425,0.0963184629,0.70789805995,0.707347985
233,0.2785,0.0977893143,0.0457165918,2.9160681207,0.0352737928,0.1895,0.0886834257,0.0185850512,3.0497317081,0.3299730012,0.532,0.1107971119,0.1477874578,2.5723889798,0.006422843,0.532,0.1107971119,0.1477874578,2.5723889798,0.006422843,0.8676900885999999,0.8617586888499998
234,0.187,0.0934398202,-0.0953901282,4.3908872083,0.8215090066,0.294,0.0985596266,0.1667928942,2.3175386785,0.1593552237,0.519,0.1108557621,-0.0024848585,2.504205645,-0.1430162783,0.519,0.1108557621,-0.0024848585,2.504205645,-0.1430162783,0.7259902406999998,0.7243222187000002
235,0.2945,0.1009690547,0.2324886673,3.5088792442,0.1866507534,0.245,0.1030776406,0.0367027533,4.0532207612,0.4697772389,0.4605,0.1049511791,0.1606095982,3.3967334158,0.0135186862,0.4605,0.1049511791,0.1606095982,3.3967334158,0.0135186862,0.7191832399650002,0.7049442545999999
236,0.242,0.1001798383,-0.0665865552,1.9274584394,0.1008310227,0.2695,0.1076789209,0.0498995913,2.5004955689,0.1866562692,0.4885,0.1133258576,0.0231664468,2.5837452366,0.0847495005,0.4885,0.1133258576,0.0231664468,2.5837452366,0.0847495005,0.92183733555,0.9104582165
237,0.258,0.0876698352,-0.0888899321,2.7013085625,0.1781219849,0.24,0.0824621125,-0.0383290912,3.5739619377,0.2942527804,0.502,0.1019607768,-0.0031520045,3.2026253623,0.0732237305,0.502,0.1019607768,-0.0031520045,3.2026253623,0.0732237305,0.7873003472,0.78536803535
238,0.2385,0.1034057542,0.1798630258,2.9631561292,0.5599848947,0.2545,0.0974923074,0.0433672965,2.9498589029,-0.0050237956,0.507,0.1220696522,0.1227476937,3.61932002,0.3899129412,0.507,0.1220696522,0.1227476937,3.61932002,0.3899129412,0.77640713038,0.7715908385500001
239,0.31,0.11,0.1447368421,3.457004303,0.3820435763,0.208,0.0973960985,-0.0694197435,2.4362045975,0.042563076,0.482,0.1217620631,-0.0068414989,3.9665191631,0.2514540487,0.482,0.1217620631,-0.0068414989,3.9665191631,0.2514540487,0.8469931745750001,0.84553077805
240,0.2425,0.1003431612,-0.0216585657,2.6066128236,0.1763965377,0.273,0.0975756117,0.0053532703,2.8985747083,0.1973956572,0.4845,0.104569355,-0.2340576017,2.536328122,-0.1565978875,0.4845,0.104569355,-0.2340576017,2.536328122,-0.1565978875,0.8721326047599998,0.8617714492599999
241,0.3015,0.1209245633,0.2001357885,3.4788638232,0.3296730456,0.25,0.1007472084,0.0592592593,2.8525322138,0.3667179805,0.4485,0.1227711285,0.0876568292,2.6003531732,0.1156881493,0.4485,0.1227711285,0.0876568292,2.6003531732,0.1156881493,0.8358576115,0.83556523005
242,0.253,0.0989494821,-0.0207894228,3.0234490683,0.2264148889,0.2385,0.0913386556,0.1160004731,3.4480222363,0.440405372,0.5085,0.1159859905,0.0091382716,2.6907221337,0.2548118756,0.5085,0.1159859905,0.0091382716,2.6907221337,0.2548118756,0.8877087176150003,0.885198895065
243,0.285,0.0893028555,0.0753521793,2.307652244,0.0136901617,0.2435,0.1119497655,0.1495000835,2.3084791298,0.2215999539,0.4715,0.1134140644,0.0520339854,2.7550917637,-0.2045052942,0.4715,0.1134140644,0.0520339854,2.7550917637,-0.2045052942,0.8972762099550001,0.8966383718000002
244,0.239,0.1047807234,0.0268419953,2.224972173,0.0183746771,0.2275,0.0822724134,0.0439919023,2.70983955,0.2550475748,0.5335,0.1232994323,-0.0565999897,3.0496713847,0.1177804084,0.5335,0.1232994323,-0.0565999897,3.0496713847,0.1177804084,0.8695490553999999,0.8619490109500001
245,0.256,0.0895209473,0.2205045902,2.6133439179,-0.0550137326,0.2565,0.0766990873,-0.0115406703,3.0623112479,0.4128127385,0.4875,0.1025609575,0.0010588413,2.7096751302,-0.1759746475,0.4875,0.1025609575,0.0010588413,2.7096751302,-0.1759746475,0.8056231063,0.7908919851500001
246,0.233,0.1010494928,-0.0838031475,2.4638912119,0.3447066842,0.2155,0.1006714955,-0.0948406721,2.9601115332,0.197259736,0.5515,0.1025804562,-0.0263449416,3.058316361,-0.3044256764,0.5515,0.1025804562,-0.0263449416,3.058316361,-0.3044256764,0.81325062602,0.8073618378199999
247,0.243,0.0888875694,-0.0514511089,3.3072078162,0.6817080055,0.237,0.1021322672,0.044711491,2.5141381714,0.3322933919,0.52,0.1164044673,-0.0438505832,3.1975327133,-0.4983260646,0.52,0.1164044673,-0.0438505832,3.1975327133,-0.4983260646,0.7926765155500001,0.7799283036
248,0.25,0.1031988372,0.0503597122,2.641671626,0.3684941618,0.2835,0.1036954676,-0.1622641615,3.097620829,0.074441613,0.4665,0.1074837197,-0.0231760753,2.3837808857,-0.1651750622,0.4665,0.1074837197,-0.0231760753,2.3837808857,-0.1651750622,0.82418876426,0.8237074897000001
249,0.268,0.0936803074,0.008225537,3.7146487603,0.3925908444,0.257,0.0940797534,0.0413913462,2.9089713084,0.1396493507,0.475,0.1101135777,-0.0216816499,2.3280901265,0.0505569833,0.475,0.1101135777,-0.0216816499,2.3280901265,0.0505569833,0.8693430460549999,0.858951767455
250,0.2355,0.0909106704,0.0962138239,2.7490021793,0.4143390001,0.2895,0.1042341115,0.0991128825,2.764111982,0.0482545984,0.475,0.1207269647,0.0193715024,2.5306055801,0.2450847354,0.475,0.1207269647,0.0193715024,2.5306055801,0.2450847354,0.81798362649,0.81483953955
251,0.234,0.0910714006,-0.0424898551,3.5853994587,0.4100212612,0.2805,0.1046171592,-0.1856167752,3.4682169259,0.6606349637,0.4855,0.0983094604,-0.1296967851,2.5784329345,0.0207499164,0.4855,0.0983094604,-0.1296967851,2.5784329345,0.0207499164,0.7775038862,0.7567774307
252,0.267,0.1010494928,0.0337794942,2.1807651809,0.2149859279,0.292,0.1036146708,0.0355800701,2.5232572667,-0.0151239595,0.441,0.1109909906,0.0359887097,3.2737483324,0.1231201964,0.441,0.1109909906,0.0359887097,3.2737483324,0.1231201964,0.7637987733000001,0.7567374727499999
253,0.2795,0.1088795206,-0.0923717164,2.4490080292,0.305198881,0.2685,0.0931812749,0.1054707844,2.8541717886,0.2787469928,0.452,0.1108873302,-0.0757191793,2.9718919864,0.1035709892,0.452,0.1108873302,-0.0757191793,2.9718919864,0.1035709892,0.78039100359,0.7773121027
254,0.248,0.1060471593,0.1657369174,3.2305434012,0.4422951449,0.208,0.0893644225,0.2868783606,2.7570460929,0.0424905673,0.544,0.1084619749,-0.0039372813,2.9477557093,-0.2453331371,0.544,0.1084619749,-0.0039372813,2.9477557093,-0.2453331371,0.8470146080700001,0.84274880155
255,0.2485,0.1033090025,0.0602166075,2.6872141745,0.1966102745,0.221,0.1017791727,0.3129134036,2.8292472549,0.4605975289,0.5305,0.1099761338,-0.0310820063,2.4785381618,-0.1024650644,0.5305,0.1099761338,-0.0310820063,2.4785381618,-0.1024650644,0.8464890127999999,0.8458588736499998
256,0.2475,0.0967923034,-0.0092399922,2.9106337736,0.3187295473,0.259,0.1025621763,0.1149053956,2.9887377027,0.1462277202,0.4935,0.1119497655,-0.0430424835,3.2992805292,-0.1793156522,0.4935,0.1119497655,-0.0430424835,3.2992805292,-0.1793156522,0.77017913475,0.76124707355
257,0.242,0.1038556691,-0.1110119081,2.5772287452,0.0864819701,0.2195,0.0937803284,-0.1326546535,2.9857928367,0.4629656105,0.5385,0.1163733217,-0.0700024276,2.7510192084,0.0983466334,0.5385,0.1163733217,-0.0700024276,2.7510192084,0.0983466334,0.7598562930599998,0.73878928721
258,0.2625,0.1123332097,0.0122966091,2.8160226732,0.4011230115,0.284,0.099216934,-0.099287698,2.4890216677,0.0861152166,0.4535,0.1013052318,0.0426641078,2.6529059157,-0.0159201917,0.4535,0.1013052318,0.0426641078,2.6529059157,-0.0159201917,0.8991868036599999,0.89007624896
259,0.28,0.0972111105,-0.0443808919,2.8032249937,-0.0571493889,0.227,0.0887186564,0.0394577193,2.7400297108,0.0469222207,0.493,0.1157626883,-0.1359405389,2.7573412647,0.3395551143,0.493,0.1157626883,-0.1359405389,2.7573412647,0.3395551143,0.8344980787,0.82695290175
260,0.27,0.0891627725,0.0355363231,2.9426842293,0.4126436606,0.3295,0.1041861315,0.0113265614,2.3388812619,0.1745775348,0.4005,0.1130254396,0.0803182698,2.9600564917,0.1226478403,0.4005,0.1130254396,0.0803182698,2.9600564917,0.1226478403,0.8457100385150002,0.8444449322
261,0.258,0.1099363452,-0.0612013213,3.5473633181,0.5188747211,0.228,0.0944245731,0.0330214096,2.6739377604,0.1206856729,0.514,0.1032182154,-0.1552442242,3.1502647098,-0.2479905945,0.514,0.1032182154,-0.1552442242,3.1502647098,-0.2479905945,0.8747096074000001,0.86465975635
262,0.2815,0.0978915216,-0.1040102833,3.1911952757,-0.0752350588,0.2225,0.0861321659,-0.1387888116,2.5405846403,0.425033995,0.496,0.1071634266,-0.0284666626,3.0196877433,0.1953188242,0.496,0.1071634266,-0.0284666626,3.0196877433,0.1953188242,0.7327752621,0.7285010277999999
263,0.251,0.0989898985,-0.0512647613,2.5439260246,0.3665992384,0.269,0.096119717,0.0894847872,2.5936611625,0.043936712,0.48,0.1135781669,-0.0883219603,3.2743825491,0.5098425016,0.48,0.1135781669,-0.0883219603,3.2743825491,0.5098425016,0.7672311663999999,0.7624346662
264,0.2385,0.0907895919,0.1083416814,3.0175781302,0.1131089486,0.2675,0.0985837208,0.1533023268,2.8412166954,-0.1715290082,0.494,0.1070700705,0.0004058555,2.7828408139,0.1682901814,0.494,0.1070700705,0.0004058555,2.7828408139,0.1682901814,0.7722867235499999,0.7688935652
265,0.233,0.1075220908,0.1066878581,2.6081167815,0.3294475307,0.245,0.100124922,0.0577553215,2.6266565506,0.3541710289,0.522,0.1118749302,-0.0824636397,2.5472619208,-0.0333546007,0.522,0.1118749302,-0.0824636397,2.5472619208,-0.0333546007,0.8163401254,0.8157576561
266,0.239,0.0983819089,0.1372246565,2.9774959696,0.3158221403,0.2865,0.1185021097,0.0746159753,3.6895269678,0.4356371072,0.4745,0.1177911287,0.2164214392,2.8309933396,-0.0585871223,0.4745,0.1177911287,0.2164214392,2.8309933396,-0.0585871223,0.8038725751300001,0.80196771265
267,0.251,0.0888763186,0.0729512037,2.9875756723,0.4612340448,0.261,0.0983819089,-0.1871859888,2.6149970623,-0.0244035503,0.488,0.1166447598,-0.0355583465,3.2450966447,0.0970619668,0.488,0.1166447598,-0.0355583465,3.2450966447,0.0970619668,0.8521726128999999,0.8455828346499998
268,0.1965,0.0922645652,0.1442637685,2.2581497062,0.2459518175,0.279,0.1039663407,0.1396340607,2.5901519347,0.3605962208,0.5245,0.1114663626,0.0799796839,2.5855880563,-0.1708918519,0.5245,0.1114663626,0.0799796839,2.5855880563,-0.1708918519,0.8609662116099999,0.8554201882099999
269,0.2545,0.1000237472,-0.0396631478,2.457582815,0.0335708279,0.2795,0.089748259,-0.0887643902,3.4281491803,0.273526501,0.466,0.1034117982,-0.0477501399,2.428415697,0.0023438225,0.466,0.1034117982,-0.0477501399,2.428415697,0.0023438225,0.78844275963,0.7860688494500001
270,0.248,0.0987218314,-0.0471937241,3.1631361053,0.4297531794,0.2375,0.1125555418,-0.0616701824,2.533222561,0.3389216382,0.5145,0.1125377714,0.1214317543,3.2593677367,0.231385232,0.5145,0.1125377714,0.1214317543,3.2593677367,0.231385232,0.8700875003050001,0.8599162205549999
271,0.2435,0.083861493,0.0756971998,2.8912129625,0.2181557922,0.2615,0.0971738133,-0.1722578404,2.7258885688,0.1568833136,0.495,0.1143459663,-0.0042354204,2.4565621927,0.0978212771,0.495,0.1143459663,-0.0042354204,2.4565621927,0.0978212771,0.6894686820000001,0.66770167215
272,0.2615,0.1026778944,0.0268684981,3.5587462498,0.6175516839,0.2605,0.0884010747,0.1485714119,3.2501210119,-0.0811662254,0.478,0.1239596709,0.0381585766,2.9575576295,-0.1562902033,0.478,0.1239596709,0.0381585766,2.9575576295,-0.1562902033,0.8544397086,0.85342067125
273,0.2805,0.0927078745,0.1674611001,2.7247655969,0.2026324629,0.236,0.0943610089,0.1745622559,2.6699433066,0.3174423233,0.4835,0.1218718589,0.2610767322,2.5421744991,0.1869770838,0.4835,0.1218718589,0.2610767322,2.5421744991,0.1869770838,0.90731273025,0.90215186735
274,0.2745,0.0920584054,0.0319206081,2.9749176334,-0.498416073,0.2975,0.1107643896,0.2567571123,3.5563531549,0.3556308851,0.428,0.1054324428,0.1861150946,3.4630522628,-0.0709871334,0.428,0.1054324428,0.1861150946,3.4630522628,-0.0709871334,0.826540614255,0.8235732344000001
275,0.254,0.0996694537,-0.0169279956,3.8901751763,0.4274527925,0.2305,0.0916228683,-0.0803813282,2.913027793,-0.0100659679,0.5155,0.1103845551,0.0449615697,3.5605787464,0.0006953489,0.5155,0.1103845551,0.0449615697,3.5605787464,0.0006953489,0.7845389522649999,0.7712096214999999
276,0.229,0.0863655024,-0.0583801362,2.474266159,0.3712789432,0.3035,0.0938762483,-0.0752063879,3.7370092322,-0.092259181,0.4675,0.102804426,-0.0160894691,2.8693448217,0.0975884553,0.4675,0.102804426,-0.0160894691,2.8693448217,0.0975884553,0.6872688498499999,0.6862042594500001
277,0.2485,0.0915027322,-0.069050999,2.9621873166,0.1813410785,0.23,0.0992471662,0.0712268591,2.4720554511,0.2240215352,0.5215,0.1030182023,0.0239727132,2.362287087,-0.0029367339,0.5215,0.1030182023,0.0239727132,2.362287087,-0.0029367339,0.8545401288000001,0.85396762615
278,0.246,0.1150391238,0.1371524418,2.5834729122,0.4869669468,0.286,0.1067895126,0.0302500257,2.7460439278,0.1697383108,0.468,0.1177964346,-0.0018203113,2.4546150681,-0.1270299763,0.468,0.1177964346,-0.0018203113,2.4546150681,-0.1270299763,0.9145416941,0.9094373977
279,0.2595,0.0942589518,0.0191242095,3.5473124645,-0.1854672587,0.2355,0.1037533132,0.1592842267,3.3020181841,0.4835488019,0.505,0.1080509139,0.0532214088,3.0252098914,0.3822846874,0.505,0.1080509139,0.0532214088,3.0252098914,0.3822846874,0.8916103796650001,0.8898764947500002
280,0.2425,0.1008402202,0.0932637613,2.8433903297,0.475872551,0.2915,0.0948828225,0.0517070586,2.4104816696,0.2182543531,0.466,0.1106526095,0.0247073056,2.5105696317,0.0577134904,0.466,0.1106526095,0.0247073056,2.5105696317,0.0577134904,0.8487286659999999,0.8412390619
281,0.2485,0.1094200621,-0.0192748566,3.1025235688,0.3130627969,0.2825,0.1040132203,-0.0647728126,2.420735352,0.3839833177,0.469,0.1207849328,-0.1072045634,2.8680644223,0.1938379867,0.469,0.1207849328,-0.1072045634,2.8680644223,0.1938379867,0.7866769605700001,0.77982109046
282,0.2565,0.0859229306,0.0661145781,3.3722023765,-0.3554648586,0.2575,0.0914808723,0.1744098871,2.982523491,0.1894395697,0.486,0.1070233619,0.0017499066,3.0980821731,-0.1845158985,0.486,0.1070233619,0.0017499066,3.0980821731,-0.1845158985,0.9140679904,0.9038830371000004
283,0.2455,0.1041861315,-0.1124369763,2.717237077,0.2722400979,0.258,0.1019117265,-0.010773797,3.1165165568,0.6261238126,0.4965,0.1239465611,-0.0908269752,2.6541195857,0.4070570421,0.4965,0.1239465611,-0.0908269752,2.6541195857,0.4070570421,0.9346275911499996,0.91996333785
284,0.2375,0.0944391338,0.057591623,3.9026724071,0.852040985,0.2685,0.0976358029,0.1129956743,2.5567119234,0.3689017326,0.494,0.1138595626,-0.0389828783,2.7306893387,-0.3955976856,0.494,0.1138595626,-0.0389828783,2.7306893387,-0.3955976856,0.8176499092,0.8037478387
285,0.269,0.1050666455,0.0956102913,2.6301714825,-0.1906157511,0.267,0.1015430943,0.2960901352,2.6539554112,0.3072804847,0.464,0.1122675376,0.0507870706,2.688060925,-0.1658011849,0.464,0.1122675376,0.0507870706,2.688060925,-0.1658011849,0.8325342605599999,0.82670102228
286,0.3165,0.1024829254,0.2339026031,2.5899230356,0.0319335427,0.2405,0.0960976066,-0.1646382455,2.4334377796,0.0510433202,0.443,0.1104581369,0.0989447352,2.1064088855,-0.217730993,0.443,0.1104581369,0.0989447352,2.1064088855,-0.217730993,0.8101321451500001,0.8090143726000001
287,0.2665,0.1115918904,-0.0229122079,2.1851536742,0.3384700484,0.2495,0.0904143241,0.003126336,2.6412749897,0.0554883583,0.484,0.1104264461,0.027924511,2.8389351646,-0.0487115094,0.484,0.1104264461,0.027924511,2.8389351646,-0.0487115094,0.690555112165,0.69005972965
288,0.231,0.105541461,0.0952183568,3.0729067482,0.2885968016,0.2695,0.1128926481,0.0993740572,2.4245470925,0.151702101,0.4995,0.1184261373,0.0252566494,2.6437108482,-0.3132119328,0.4995,0.1184261373,0.0252566494,2.6437108482,-0.3132119328,0.8470881909300001,0.8435009739
289,0.2535,0.0982992879,0.0164696144,2.4189109568,0.1787121957,0.2375,0.0962743476,0.0328780981,2.3005275796,-0.0887761349,0.509,0.1184018581,0.0639120161,2.3131707912,-0.0658133638,0.509,0.1184018581,0.0639120161,2.3131707912,-0.0658133638,0.7246643570899999,0.7185220971999999
290,0.252,0.1012225271,0.07069245,2.8099590595,0.4083553924,0.2365,0.0940358974,0.1561353647,2.5499860863,0.0954159008,0.5115,0.1090538858,0.212268485,3.1590940113,0.0342567018,0.5115,0.1090538858,0.212268485,3.1590940113,0.0342567018,0.81987177975,0.8145073000999998
291,0.2405,0.1023950682,0.1243262962,2.5572816511,0.3338554332,0.288,0.0938402899,0.0903667318,3.5423733194,0.068062544,0.4715,0.1127508315,-0.0227529305,2.3258183579,0.2642991147,0.4715,0.1127508315,-0.0227529305,2.3258183579,0.2642991147,0.7867387521500001,0.7813230146500001
292,0.2565,0.0929125933,-0.0009211323,2.6880301091,0.2121164677,0.258,0.1001798383,-0.0199610907,2.6256226091,0.1378787849,0.4855,0.1111968974,0.075970393,2.6743649459,-0.036609172,0.4855,0.1111968974,0.075970393,2.6743649459,-0.036609172,0.8766200691500001,0.8683743392500001
293,0.258,0.1108422302,-0.0389835101,2.3095383988,0.1557664928,0.2235,0.0917755414,-0.0112296478,2.4043161606,0.0090145252,0.5185,0.1092371274,0.0403939214,2.7867395959,0.0001156502,0.5185,0.1092371274,0.0403939214,2.7867395959,0.0001156502,0.806021531065,0.8025293424000001
294,0.2715,0.1013052318,0.0801957458,2.3825972505,0.3432475285,0.2615,0.1088243998,0.0146928843,3.0112834326,0.4839104983,0.467,0.1145032751,0.0613482021,2.6772514957,0.0192679121,0.467,0.1145032751,0.0613482021,2.6772514957,0.0192679121,0.850828896775,0.8475177983
295,0.2105,0.0957327008,-0.0642015303,2.3192977548,0.1440706742,0.255,0.099121138,-0.0868828086,3.6832935144,0.4543750086,0.5345,0.115476188,0.0156894439,2.9197119163,0.068214447,0.5345,0.115476188,0.0156894439,2.9197119163,0.068214447,0.7717136141800001,0.74919975311
296,0.228,0.0936269192,-0.1343644542,2.6686215159,0.0294906907,0.272,0.106611444,-0.1936281154,3.1633053983,0.4944899028,0.5,0.109772492,-0.2217573222,2.6970954357,0.2267987645,0.5,0.109772492,-0.2217573222,2.6970954357,0.2267987645,0.7774361915500002,0.77424955295
297,0.2715,0.105417029,0.1335594103,2.8347892977,0.4498944577,0.2325,0.1015812483,0.0977934698,2.9731139581,0.3585640105,0.496,0.1161206269,-0.0913707102,3.3895673931,-0.2862028569,0.496,0.1161206269,-0.0913707102,3.3895673931,-0.2862028569,0.8410473582550001,0.8405389445999999
298,0.2415,0.1067836598,0.1429990747,2.8184596305,0.2711291289,0.245,0.102834819,0.3230536015,2.2501718559,0.0103450349,0.5135,0.1408642964,0.1220372594,2.5979742723,-0.0750739226,0.5135,0.1408642964,0.1220372594,2.5979742723,-0.0750739226,0.8385488845,0.8363505045999998
299,0.276,0.1134636506,-0.1579672123,3.2950602183,0.3000223784,0.239,0.0983819089,-0.0308251891,2.6495817637,0.0480320846,0.485,0.1211404144,-0.1525226413,2.6610083902,-0.2257084823,0.485,0.1211404144,-0.1525226413,2.6610083902,-0.2257084823,0.8577118554099998,0.8531043690499999
300,0.237,0.0950315737,0.1931044263,3.5938799784,0.628509736,0.2665,0.101008663,-0.054138998,2.5373047897,-0.0614014451,0.4965,0.1192172387,0.015212532,2.0572298649,0.0652304275,0.4965,0.1192172387,0.015212532,2.0572298649,0.0652304275,0.84002270972,0.8301707172199999
